Datetime,Open,High,Low,Close,Volume,Dividends,Stock Splits,Capital Gains
2020-11-01 00:00:00-04:00,0.8900286766922191,0.9252773038723638,0.00907653032958527,0.9120590686798096,5638392,0.0,0.0,0.0
2020-11-13 00:00:00-05:00,0.8900288496403468,0.8988410081477392,0.8812166911329545,0.894434928894043,2864907,0.0,0.0,0.0
2020-11-16 00:00:00-05:00,0.8944347979080316,0.9145265079586068,0.009076530764096055,0.9076530337333679,436993,0.0,0.0,0.0
2020-11-17 00:00:00-05:00,0.9076530337333679,0.9164651909502589,0.898840876516477,0.9076530337333679,186918,0.0,0.0,0.0
2020-11-18 00:00:00-05:00,0.9076530337333679,0.9145265079586068,0.9006032869500151,0.9076530337333679,319788,0.0,0.0,0.0
2020-11-19 00:00:00-05:00,0.9076530337333679,0.9252773481671498,0.9107372782543598,0.9076530337333679,65310,0.0,0.0,0.0
2020-11-20 00:00:00-05:00,0.9120590919859912,0.9164651704960995,0.9089748475338353,0.9094154238700867,66886,0.0,0.0,0.0
2020-11-23 00:00:00-05:00,0.9120591282844543,0.9164652069699174,0.9129403860412278,0.9120591282844543,121732,0.0,0.0,0.0
2020-11-24 00:00:00-05:00,0.9120590847557166,0.916465163230896,0.9077411425569284,0.916465163230896,110348,0.0,0.0,0.0
2020-11-25 00:00:00-05:00,0.9120590919859912,0.9164651704960995,0.9085342711975838,0.9094154238700867,175373,0.0,0.0,0.0
2020-11-27 00:00:00-05:00,0.9120591282844543,0.9126759771994352,0.9076530495989914,0.9120591282844543,2996,0.0,0.0,0.0
2020-11-30 00:00:00-05:00,0.9120591282844543,0.9164652069699174,0.8829789879505583,0.9120591282844543,861559,0.0,0.0,0.0
2020-12-01 00:00:00-05:00,0.9120592768020934,0.9340896738167876,0.8900288797873993,0.9032471179962158,11681583,0.0,0.0,0.0
2020-12-02 00:00:00-05:00,0.9138215749071787,0.9164652432329025,0.8900287700740779,0.914702832698822,182721,0.0,0.0,0.0
2020-12-03 00:00:00-05:00,0.9147027688188856,0.9252773363340799,0.9164651792298849,0.9208712577819824,161977,0.0,0.0,0.0
2020-12-04 00:00:00-05:00,0.9208713330255991,0.9252774119377136,0.9199901802727006,0.9252774119377136,358562,0.0,0.0,0.0
2020-12-07 00:00:00-05:00,0.9270398020744324,0.9340894433403365,0.925277286708763,0.9270398020744324,122126,0.0,0.0,0.0
2020-12-08 00:00:00-05:00,0.9270398020744324,0.9340894433403365,0.9261585443915976,0.9270398020744324,244378,0.0,0.0,0.0
2020-12-09 00:00:00-05:00,0.9252773008052922,0.932327047227792,0.8922317654580421,0.9129403233528137,443512,0.0,0.0,0.0
2020-12-10 00:00:00-05:00,0.9032469551249225,0.9076530337333679,0.890028719299586,0.9076530337333679,493243,0.0,0.0,0.0
2020-12-11 00:00:00-05:00,0.8988407850265503,0.907652941346482,0.8900286287066186,0.8988407850265503,501035,0.0,0.0,0.0
2020-12-14 00:00:00-05:00,0.8988407850265503,0.8988407850265503,0.8953159645182535,0.8988407850265503,231271,0.0,0.0,0.0
2020-12-15 00:00:00-05:00,0.8988407850265503,0.8988407850265503,0.8900286287066186,0.8988407850265503,3028310,0.0,0.0,0.0
2020-12-16 00:00:00-05:00,0.8988408576166472,0.9081024151177065,0.8909099583078877,0.9041281938552856,679149,0.0,0.0,0.0
2020-12-17 00:00:00-05:00,0.8988407850265503,0.907652941346482,0.8939059942952589,0.8988407850265503,940694,0.0,0.0,0.0
2020-12-18 00:00:00-05:00,0.9032469753625095,0.9076530540696748,0.8900287392410136,0.9058906435966492,3066616,0.0,0.0,0.0
2020-12-21 00:00:00-05:00,0.9120591643730983,0.9164652432329025,0.8900287700740779,0.914702832698822,461068,0.0,0.0,0.0
2020-12-22 00:00:00-05:00,0.9076530337333679,0.9164651909502589,0.9052737743956315,0.9076530337333679,7775,0.0,0.0,0.0
2020-12-23 00:00:00-05:00,0.9076530062805371,0.916465163230896,0.9015726537015166,0.916465163230896,202827,0.0,0.0,0.0
2020-12-24 00:00:00-05:00,0.9032469391822815,0.9164651747743111,0.898840860651605,0.9032469391822815,159239,0.0,0.0,0.0
2020-12-28 00:00:00-05:00,0.9032469391822815,0.9032469391822815,0.9032469391822815,0.9032469391822815,0,0.0,0.0,0.0
2020-12-29 00:00:00-05:00,0.9032469551249225,0.9076530337333679,0.9018811054225405,0.9076530337333679,167071,0.0,0.0,0.0
2020-12-30 00:00:00-05:00,0.9032469551249225,0.9076530337333679,0.898840876516477,0.9076530337333679,57191,0.0,0.0,0.0
2020-12-31 00:00:00-05:00,0.9032469391822815,0.9073005776521512,0.9010439524415425,0.9032469391822815,75842,0.0,0.0,0.0
2021-01-01 00:00:00-05:00,0.9032469435735921,0.9252773363340799,0.8988408650214946,0.9208712577819824,4850491,0.0,0.0,0.0
2021-01-04 00:00:00-05:00,0.9032469784446057,0.9252773720556052,0.9032469784446057,0.905009388923645,171699,0.0,0.0,0.0
2021-01-05 00:00:00-05:00,0.905009388923645,0.9076530571668056,0.9058906466877662,0.905009388923645,152892,0.0,0.0,0.0
2021-01-06 00:00:00-05:00,0.905009388923645,0.9252773720556052,0.9048332214101832,0.905009388923645,368226,0.0,0.0,0.0
2021-01-07 00:00:00-05:00,0.905009388923645,0.9252773720556052,0.905009388923645,0.905009388923645,90227,0.0,0.0,0.0
2021-01-08 00:00:00-05:00,0.9050094171875706,0.9252774009525107,0.9074769179943306,0.914702832698822,101373,0.0,0.0,0.0
2021-01-11 00:00:00-05:00,0.9120590847557166,0.9252773201812549,0.9120590847557166,0.916465163230896,85940,0.0,0.0,0.0
2021-01-12 00:00:00-05:00,0.9120590656565531,0.9162536800100738,0.9076529872736402,0.9129403233528137,221488,0.0,0.0,0.0
2021-01-13 00:00:00-05:00,0.9129403424704313,0.9169233878287725,0.9102966743754842,0.916465163230896,463827,0.0,0.0,0.0
2021-01-14 00:00:00-05:00,0.9138215749071787,0.9182277588161891,0.9129404221647417,0.914702832698822,477696,0.0,0.0,0.0
2021-01-15 00:00:00-05:00,0.9147027528506637,0.9177869972783695,0.9076530062805371,0.916465163230896,283979,0.0,0.0,0.0
2021-01-19 00:00:00-05:00,0.9191089037563496,0.9235149825787506,0.916359555952428,0.9217525720596313,468067,0.0,0.0,0.0
2021-01-20 00:00:00-05:00,0.9191089868545533,0.9217526553968536,0.9163596388020585,0.9191089868545532,53985,0.0,0.0,0.0
2021-01-21 00:00:00-05:00,0.9191089868545533,0.9202017087879956,0.9169940310108701,0.9191089868545532,166159,0.0,0.0,0.0
2021-01-22 00:00:00-05:00,0.919108924119226,0.9217525924810782,0.9174170015794504,0.9199901819229126,182810,0.0,0.0,0.0
2021-01-25 00:00:00-05:00,0.9208712577819824,0.9252773363340799,0.9180514221342234,0.9208712577819824,310846,0.0,0.0,0.0
2021-01-26 00:00:00-05:00,0.9208712417060754,0.9252773201812549,0.916465163230896,0.916465163230896,43165,0.0,0.0,0.0
2021-01-27 00:00:00-05:00,0.9208712577819824,0.9252773363340799,0.9076530221256898,0.9208712577819824,212310,0.0,0.0,0.0
2021-01-28 00:00:00-05:00,0.920871314275469,0.9217525720596313,0.8988409201634635,0.9217525720596313,311147,0.0,0.0,0.0
2021-01-29 00:00:00-05:00,0.9208712577819824,0.9217525155120815,0.9180514221342234,0.9208712577819824,65593,0.0,0.0,0.0
2021-02-01 00:00:00-05:00,0.920871314275469,0.9199020252571752,0.9164652354530679,0.9217525720596313,119154,0.0,0.0,0.0
2021-02-02 00:00:00-05:00,0.921752551716128,0.9252773726765723,0.9199196532206333,0.9235149621963501,322851,0.0,0.0,0.0
2021-02-03 00:00:00-05:00,0.9226338486298109,0.9252774119377136,0.9212590696506524,0.9252774119377136,114945,0.0,0.0,0.0
2021-02-04 00:00:00-05:00,0.9226337671279907,0.9252773302023716,0.9212589882702749,0.9226337671279907,166134,0.0,0.0,0.0
2021-02-05 00:00:00-05:00,0.9226338094808406,0.9252773726765723,0.9235149621963502,0.9235149621963501,222871,0.0,0.0,0.0
2021-02-08 00:00:00-05:00,0.9235150013827093,0.9252774119377136,0.9235150013827093,0.9252774119377136,168888,0.0,0.0,0.0
2021-02-09 00:00:00-05:00,0.9243962591848153,0.9288023380969298,0.9235150013827093,0.9252774119377136,439000,0.0,0.0,0.0
2021-02-10 00:00:00-05:00,0.9243962591848153,0.9252774119377136,0.9178840487106049,0.9252774119377136,333027,0.0,0.0,0.0
2021-02-11 00:00:00-05:00,0.9243962591848153,0.9253655482228449,0.9249249718463958,0.9252774119377136,30619,0.0,0.0,0.0
2021-02-12 00:00:00-05:00,0.924396276473999,0.9252774292433777,0.9249249891454682,0.924396276473999,88825,0.0,0.0,0.0
2021-02-16 00:00:00-05:00,0.9270398020744324,0.9290841644258027,0.9245371100925688,0.9270398020744324,208238,0.0,0.0,0.0
2021-02-17 00:00:00-05:00,0.9270398444688545,0.930564665263,0.9235149186255108,0.9279209971427917,743128,0.0,0.0,0.0
2021-02-18 00:00:00-05:00,0.9279209337331233,0.9340894222259521,0.9263347959989063,0.9340894222259521,50036,0.0,0.0,0.0
2021-02-19 00:00:00-05:00,0.9279209971427917,0.9429017481409054,0.926422995577419,0.9279209971427917,63663,0.0,0.0,0.0
2021-02-22 00:00:00-05:00,0.9279209345474633,0.9340894230457055,0.9263347968118543,0.9288021922111511,104383,0.0,0.0,0.0
2021-02-23 00:00:00-05:00,0.9279209971427917,0.929507240034596,0.9265991630826876,0.9279209971427917,43660,0.0,0.0,0.0
2021-02-24 00:00:00-05:00,0.9279209738985298,0.9305646419525145,0.9270398212466653,0.9305646419525146,119607,0.0,0.0,0.0
2021-02-25 00:00:00-05:00,0.9288021922111512,0.9305646024893359,0.9274803582402148,0.9288021922111511,131355,0.0,0.0,0.0
2021-02-26 00:00:00-05:00,0.9288022123909083,0.9305646227073844,0.9253302315022006,0.9270398020744324,1279009,0.0,0.0,0.0
2021-03-01 00:00:00-05:00,0.9279209554064347,0.9384956274116361,0.8988408174905176,0.9076529741287231,5321099,0.0,0.0,0.0
2021-03-02 00:00:00-05:00,0.9279209971427917,0.9288022548659272,0.9245371523725404,0.9279209971427917,562345,0.0,0.0,0.0
2021-03-03 00:00:00-05:00,0.9279210802948238,0.9277096162400331,0.9252774119377136,0.9252774119377136,160405,0.0,0.0,0.0
2021-03-04 00:00:00-05:00,0.9279209547080737,0.9305646227073844,0.9243961340751217,0.9270398020744324,421927,0.0,0.0,0.0
2021-03-05 00:00:00-05:00,0.9270396857644073,0.9246867942274335,0.9006031141373292,0.9261584281921387,42905,0.0,0.0,0.0
2021-03-08 00:00:00-05:00,0.9261584281921387,0.92527717061987,0.9236028967866577,0.9261584281921387,105691,0.0,0.0,0.0
2021-03-09 00:00:00-05:00,0.9261585635456051,0.9305646419525145,0.9235148954916204,0.9305646419525146,160579,0.0,0.0,0.0
2021-03-10 00:00:00-05:00,0.9261586697398195,0.9277977525251645,0.9235150013827093,0.9252774119377136,214339,0.0,0.0,0.0
2021-03-11 00:00:00-05:00,0.9261584281921387,0.92527717061987,0.9227745840011841,0.9261584281921387,289400,0.0,0.0,0.0
2021-03-12 00:00:00-05:00,0.9261585940641791,0.9243080473752501,0.9199901051010823,0.9208712577819824,128503,0.0,0.0,0.0
2021-03-15 00:00:00-04:00,0.9191089868545533,0.9195231959089238,0.9006034121076661,0.9191089868545532,141201,0.0,0.0,0.0
2021-03-16 00:00:00-04:00,0.9191087655722311,0.9211707761151577,0.8988407850265503,0.8988407850265503,267858,0.0,0.0,0.0
2021-03-17 00:00:00-04:00,0.9191088313258431,0.9217524994207902,0.916465163230896,0.916465163230896,564610,0.0,0.0,0.0
2021-03-18 00:00:00-04:00,0.9173465371131897,0.9208713583200179,0.9129404580800493,0.9173465371131897,90790,0.0,0.0,0.0
2021-03-19 00:00:00-04:00,0.916465163230896,0.9252773201812549,0.9076530062805371,0.916465163230896,307894,0.0,0.0,0.0
2021-03-22 00:00:00-04:00,0.916465163230896,0.9208712417060754,0.9120590847557166,0.916465163230896,185504,0.0,0.0,0.0
2021-03-23 00:00:00-04:00,0.9164651622706805,0.9208712407412436,0.9083579904907483,0.9142621755599976,241323,0.0,0.0,0.0
2021-03-24 00:00:00-04:00,0.9142621755599976,0.9199900880766492,0.9076530053295545,0.9142621755599976,184672,0.0,0.0,0.0
2021-03-25 00:00:00-04:00,0.9142622041706363,0.9164651909502589,0.9076530337333679,0.9076530337333679,424202,0.0,0.0,0.0
2021-03-26 00:00:00-04:00,0.9142621755599976,0.9194172548053052,0.9076530053295545,0.9142621755599976,402740,0.0,0.0,0.0
2021-03-29 00:00:00-04:00,0.9142621755599976,0.9199900880766492,0.9076530053295545,0.9142621755599976,39145,0.0,0.0,0.0
2021-03-30 00:00:00-04:00,0.9142621755599976,0.9142621755599976,0.9094154157079404,0.9142621755599976,255436,0.0,0.0,0.0
2021-03-31 00:00:00-04:00,0.9142622041706363,0.9384956890416865,0.9076530337333679,0.9076530337333679,97536,0.0,0.0,0.0
2021-04-01 00:00:00-04:00,0.9142621924784355,0.9340894934382751,0.9067453970466509,0.9208712577819824,8756647,0.0,0.0,0.0
2021-04-05 00:00:00-04:00,0.9142621755599976,0.9142621755599976,0.9142621755599976,0.9142621755599976,0,0.0,0.0,0.0
2021-04-06 00:00:00-04:00,0.9142622041706363,0.9208712695587044,0.9069216812008357,0.9076530337333679,644559,0.0,0.0,0.0
2021-04-07 00:00:00-04:00,0.9120591282844543,0.9164652069699174,0.9076530495989914,0.9120591282844543,625617,0.0,0.0,0.0
2021-04-08 00:00:00-04:00,0.9120590847557166,0.916465163230896,0.9076530062805371,0.916465163230896,958912,0.0,0.0,0.0
2021-04-09 00:00:00-04:00,0.9120591123418134,0.909503580445963,0.9076530337333679,0.9076530337333679,109874,0.0,0.0,0.0
2021-04-12 00:00:00-04:00,0.9098561255621909,0.9340895053840407,0.9067454086427219,0.9076530337333679,672503,0.0,0.0,0.0
2021-04-13 00:00:00-04:00,0.9098562002182007,0.912015171560044,0.9092833668819282,0.9098562002182007,53041,0.0,0.0,0.0
2021-04-14 00:00:00-04:00,0.909856141466324,0.9120591282844543,0.9085783229714626,0.9120591282844543,132138,0.0,0.0,0.0
2021-04-15 00:00:00-04:00,0.9120591282844543,0.9164652069699174,0.9089748837095505,0.9120591282844543,101723,0.0,0.0,0.0
2021-04-16 00:00:00-04:00,0.9120591282844543,0.9160246306161317,0.9076530495989914,0.9120591282844543,109420,0.0,0.0,0.0
2021-04-19 00:00:00-04:00,0.9120590847557166,0.916465163230896,0.9069216537701255,0.916465163230896,427751,0.0,0.0,0.0
2021-04-20 00:00:00-04:00,0.916465163230896,0.9252773201812549,0.9076530062805371,0.916465163230896,1017609,0.0,0.0,0.0
2021-04-21 00:00:00-04:00,0.916465163230896,0.9252773201812549,0.9078292788333195,0.916465163230896,241709,0.0,0.0,0.0
2021-04-22 00:00:00-04:00,0.9186682710305332,0.9208712577819824,0.9186682710305332,0.9208712577819824,93264,0.0,0.0,0.0
2021-04-23 00:00:00-04:00,0.9208712577819824,0.9252773363340799,0.9186682710305332,0.9208712577819824,1236766,0.0,0.0,0.0
2021-04-26 00:00:00-04:00,0.9208712577819824,0.9208712577819824,0.917346436959984,0.9208712577819824,70623,0.0,0.0,0.0
2021-04-27 00:00:00-04:00,0.9208712577819824,0.9252773363340799,0.9208624336492696,0.9208712577819824,358526,0.0,0.0,0.0
2021-04-28 00:00:00-04:00,0.9208712577819824,0.9252773363340799,0.9199901051010823,0.9208712577819824,276836,0.0,0.0,0.0
2021-04-29 00:00:00-04:00,0.9208712577819824,0.9252773363340799,0.9199901051010823,0.9208712577819824,241465,0.0,0.0,0.0
2021-04-30 00:00:00-04:00,0.9208712577819824,0.9252773363340799,0.9195494237114332,0.9208712577819824,1103676,0.0,0.0,0.0
2021-05-01 00:00:00-04:00,0.9208712611966602,0.9384956805196024,0.9076530254913531,0.9362925887107849,7573842,0.0,0.0,0.0
2021-05-03 00:00:00-04:00,0.9208712577819824,0.9208712577819824,0.9208712577819824,0.9208712577819824,0,0.0,0.0,0.0
2021-05-04 00:00:00-04:00,0.9208713330255991,0.9384957537232648,0.9164652541134846,0.9252774119377136,299333,0.0,0.0,0.0
2021-05-05 00:00:00-04:00,0.9208712133631449,0.9248367153835138,0.9195493793563553,0.9230743050575256,564337,0.0,0.0,0.0
2021-05-06 00:00:00-04:00,0.9230743050575256,0.9252772917027123,0.9230743050575256,0.9230743050575256,104088,0.0,0.0,0.0
2021-05-07 00:00:00-04:00,0.9230743495826307,0.9252773363340799,0.9208712577819824,0.9208712577819824,373111,0.0,0.0,0.0
2021-05-10 00:00:00-04:00,0.9230743050575256,0.9296833700422797,0.9208712133631449,0.9230743050575256,1059261,0.0,0.0,0.0
2021-05-11 00:00:00-04:00,0.9230743050575256,0.9252772917027123,0.9208712133631449,0.9230743050575256,781035,0.0,0.0,0.0
2021-05-12 00:00:00-04:00,0.9230744250062601,0.9292429144733789,0.9208713330255991,0.9252774119377136,1749872,0.0,0.0,0.0
2021-05-13 00:00:00-04:00,0.9274804156668308,0.9336489045470061,0.9332083282124786,0.9318864941596985,80155,0.0,0.0,0.0
2021-05-14 00:00:00-04:00,0.9318864356424522,0.9384956054913337,0.9296833440097614,0.9340894222259521,148197,0.0,0.0,0.0
2021-05-17 00:00:00-04:00,0.9340894222259521,0.9340894222259521,0.9296833440097614,0.9340894222259521,126692,0.0,0.0,0.0
2021-05-18 00:00:00-04:00,0.9340896305521874,0.9384958148002625,0.9332966140328111,0.9384958148002625,318084,0.0,0.0,0.0
2021-05-19 00:00:00-04:00,0.9362927226762249,0.9384958148002625,0.9340896305521874,0.9384958148002625,348241,0.0,0.0,0.0
2021-05-20 00:00:00-04:00,0.936292513858643,0.9375262115572087,0.9340894222259521,0.9340894222259521,511730,0.0,0.0,0.0
2021-05-21 00:00:00-04:00,0.9362925887107849,0.9380549991283194,0.9340894969019674,0.9362925887107849,115271,0.0,0.0,0.0
2021-05-24 00:00:00-04:00,0.9362927226762249,0.9384958148002625,0.9345303120065235,0.9384958148002625,124116,0.0,0.0,0.0
2021-05-25 00:00:00-04:00,0.9362925887107849,0.9373941346151937,0.935411330977418,0.9362925887107849,57814,0.0,0.0,0.0
2021-05-26 00:00:00-04:00,0.9362927226762249,0.9384958148002625,0.9340896305521874,0.9384958148002625,241656,0.0,0.0,0.0
2021-05-27 00:00:00-04:00,0.9362925887107849,0.9376144227862355,0.9370857101658951,0.9362925887107849,33930,0.0,0.0,0.0
2021-05-28 00:00:00-04:00,0.9362925887107849,0.9376144227862355,0.9076530254913531,0.9362925887107849,536919,0.0,0.0,0.0
2021-06-01 00:00:00-04:00,0.9362925887107849,0.9380549991283194,0.9340894969019674,0.9362925887107849,302260,0.0,0.0,0.0
2021-06-02 00:00:00-04:00,0.9362925887107849,0.9379668628500627,0.9369975738876385,0.9362925887107849,111557,0.0,0.0,0.0
2021-06-03 00:00:00-04:00,0.9429486098846549,0.9451673632782209,0.9407298564910889,0.9407298564910889,714610,0.0075,0.0,0.0
2021-06-04 00:00:00-04:00,0.9429486092977868,0.9451673626899719,0.9407298559056018,0.9451673626899719,490989,0.0,0.0,0.0
2021-06-07 00:00:00-04:00,0.9429486098846549,0.9451673632782209,0.9407298564910889,0.9407298564910889,669607,0.0,0.0,0.0
2021-06-08 00:00:00-04:00,0.9429486989974976,0.9431262246767962,0.9412180881143233,0.9429486989974976,64980,0.0,0.0,0.0
2021-06-09 00:00:00-04:00,0.9429486989974976,0.9429486989974976,0.9407299453942495,0.9429486989974976,226500,0.0,0.0,0.0
2021-06-10 00:00:00-04:00,0.9429486989974976,0.944945492603625,0.9429486989974976,0.9429486989974976,254697,0.0,0.0,0.0
2021-06-11 00:00:00-04:00,0.9429486989974976,0.9429486989974976,0.9419725193533449,0.9429486989974976,314262,0.0,0.0,0.0
2021-06-14 00:00:00-04:00,0.9429486989974976,0.9451230182829237,0.9407299453942495,0.9429486989974976,496086,0.0,0.0,0.0
2021-06-15 00:00:00-04:00,0.9429486989974976,0.9429486989974976,0.9419725193533449,0.9429486989974976,196333,0.0,0.0,0.0
2021-06-16 00:00:00-04:00,0.9429486989974976,0.9451230182829237,0.9399756199512227,0.9429486989974976,470378,0.0,0.0,0.0
2021-06-17 00:00:00-04:00,0.9429486989974976,0.9429043704756703,0.9429043704756703,0.9429486989974976,12000,0.0,0.0,0.0
2021-06-18 00:00:00-04:00,0.9429486989974976,0.9451674526007456,0.9407743797120716,0.9429486989974976,39492,0.0,0.0,0.0
2021-06-21 00:00:00-04:00,0.9429486989974976,0.9420611763969994,0.9420611763969994,0.9429486989974976,45872,0.0,0.0,0.0
2021-06-22 00:00:00-04:00,0.9429486092977868,0.9451673626899719,0.9416173784216727,0.9451673626899719,238065,0.0,0.0,0.0
2021-06-23 00:00:00-04:00,0.9429486989974976,0.9443686928398968,0.9429043704756703,0.9429486989974976,212252,0.0,0.0,0.0
2021-06-24 00:00:00-04:00,0.9429486989974976,0.9443686928398968,0.9420611763969994,0.9429486989974976,28310,0.0,0.0,0.0
2021-06-25 00:00:00-04:00,0.9429485066677358,0.9490720833945858,0.9429485066677358,0.9473859071731567,1903274,0.0,0.0,0.0
2021-06-28 00:00:00-04:00,0.9473859368547101,0.9584794913638097,0.949072113128967,0.9496046900749207,109213,0.0,0.0,0.0
2021-06-29 00:00:00-04:00,0.9496046900749207,0.9539533278950396,0.9529770426234344,0.9496046900749207,58132,0.0,0.0,0.0
2021-06-30 00:00:00-04:00,0.9496047657709503,0.9531546442510874,0.9518234133720398,0.9518234133720398,75819,0.0,0.0,0.0
2021-07-01 00:00:00-04:00,0.9518234133720398,0.9527996987214677,0.9473860123738759,0.9518234133720398,3894350,0.0,0.0,0.0
2021-07-02 00:00:00-04:00,0.9518234133720398,0.9527996987214677,0.9496047657709503,0.9518234133720398,2493834,0.0,0.0,0.0
2021-07-06 00:00:00-04:00,0.9518234133720398,0.9539977324554212,0.950492182492992,0.9518234133720398,138715,0.0,0.0,0.0
2021-07-07 00:00:00-04:00,0.9518233374991547,0.9540420907193652,0.9496046900749207,0.9496046900749207,505261,0.0,0.0,0.0
2021-07-08 00:00:00-04:00,0.9518234133720398,0.9540421667691142,0.9496047657709503,0.9518234133720398,89100,0.0,0.0,0.0
2021-07-09 00:00:00-04:00,0.9518233374991547,0.9513796291735032,0.9496046900749207,0.9496046900749207,301018,0.0,0.0,0.0
2021-07-12 00:00:00-04:00,0.9518234133720398,0.9518234133720398,0.9496047657709503,0.9518234133720398,285755,0.0,0.0,0.0
2021-07-13 00:00:00-04:00,0.9473859368547101,0.9539533278950396,0.9487171676276411,0.9496046900749207,1070522,0.0,0.0,0.0
2021-07-14 00:00:00-04:00,0.9496046900749207,0.9496046900749207,0.9487171676276411,0.9496046900749207,51839,0.0,0.0,0.0
2021-07-15 00:00:00-04:00,0.9496046900749207,0.9496046900749207,0.9487171676276411,0.9496046900749207,327257,0.0,0.0,0.0
2021-07-16 00:00:00-04:00,0.9496046900749207,0.9496046900749207,0.9495958032128904,0.9496046900749207,62954,0.0,0.0,0.0
2021-07-19 00:00:00-04:00,0.9496046900749207,0.9496046900749207,0.9460991403919302,0.9496046900749207,140802,0.0,0.0,0.0
2021-07-20 00:00:00-04:00,0.9496046900749207,0.9496046900749207,0.9456109977561276,0.9496046900749207,377241,0.0,0.0,0.0
2021-07-21 00:00:00-04:00,0.9496046603238538,0.9496046603238538,0.9460457895801814,0.9473859071731567,779018,0.0,0.0,0.0
2021-07-22 00:00:00-04:00,0.9473859071731567,0.9473859071731567,0.9451672598184329,0.9473859071731567,113622,0.0,0.0,0.0
2021-07-23 00:00:00-04:00,0.9473859368547101,0.9495159272505951,0.9451672894304761,0.9496046900749207,90418,0.0,0.0,0.0
2021-07-26 00:00:00-04:00,0.9496046900749207,0.9473859368547101,0.9456287714801881,0.9496046900749207,22200,0.0,0.0,0.0
2021-07-27 00:00:00-04:00,0.9496046900749207,0.9496046900749207,0.9487171676276411,0.9496046900749207,80702,0.0,0.0,0.0
2021-07-28 00:00:00-04:00,0.9496046900749207,0.9518233374991547,0.9486284048033156,0.9496046900749207,85118,0.0,0.0,0.0
2021-07-29 00:00:00-04:00,0.9496046900749207,0.9527108599464342,0.9456287714801881,0.9496046900749207,294324,0.0,0.0,0.0
2021-07-30 00:00:00-04:00,0.9496046900749207,0.9496046900749207,0.9451672894304761,0.9496046900749207,178811,0.0,0.0,0.0
2021-08-01 00:00:00-04:00,0.9496047339604743,0.9518233814872421,0.9407298264654588,0.942948579788208,3863840,0.01125,0.0,0.0
2021-08-02 00:00:00-04:00,0.9496046900749207,0.9518233374991547,0.9451672894304761,0.9496046900749207,376502,0.0,0.0,0.0
2021-08-03 00:00:00-04:00,0.9496046603238538,0.9496046603238538,0.9451672598184329,0.9473859071731567,78092,0.0,0.0,0.0
2021-08-04 00:00:00-04:00,0.9473859368547101,0.9496046900749207,0.9416173054373346,0.9496046900749207,108904,0.0,0.0,0.0
2021-08-05 00:00:00-04:00,0.9451673626899719,0.9451673626899719,0.9451673626899719,0.9451673626899719,133122,0.0,0.0,0.0
2021-08-06 00:00:00-04:00,0.9451673626899719,0.9491609495223295,0.9425049009377438,0.9451673626899719,262756,0.0,0.0,0.0
2021-08-09 00:00:00-04:00,0.9451673626899719,0.9425049009377438,0.9425049009377438,0.9451673626899719,15300,0.0,0.0,0.0
2021-08-10 00:00:00-04:00,0.9451673626899719,0.9496047636783574,0.9407298559056018,0.9451673626899719,221140,0.0,0.0,0.0
2021-08-11 00:00:00-04:00,0.9451673626899719,0.9496047636783574,0.9451673626899719,0.9451673626899719,248341,0.0,0.0,0.0
2021-08-12 00:00:00-04:00,0.9451673626899719,0.9496047636783574,0.9451673626899719,0.9451673626899719,34348,0.0,0.0,0.0
2021-08-13 00:00:00-04:00,0.9451674526007456,0.947386100407999,0.9407743797120716,0.9429486989974976,209950,0.0,0.0,0.0
2021-08-16 00:00:00-04:00,0.9429486989974976,0.9451674526007456,0.9407299453942495,0.9429486989974976,115924,0.0,0.0,0.0
2021-08-17 00:00:00-04:00,0.9429486989974976,0.9451674526007456,0.9429486989974976,0.9429486989974976,125969,0.0,0.0,0.0
2021-08-18 00:00:00-04:00,0.9429486989974976,0.9442799300002475,0.9411737595924959,0.9429486989974976,117640,0.0,0.0,0.0
2021-08-19 00:00:00-04:00,0.9429486989974976,0.9429486989974976,0.9407299453942495,0.9429486989974976,449568,0.0,0.0,0.0
2021-08-20 00:00:00-04:00,0.9429486098846549,0.9429486098846549,0.9407298564910889,0.9407298564910889,380224,0.0,0.0,0.0
2021-08-23 00:00:00-04:00,0.9429486989974976,0.9429486989974976,0.9407299453942495,0.9429486989974976,259246,0.0,0.0,0.0
2021-08-24 00:00:00-04:00,0.9429486989974976,0.942815607636021,0.9407299453942495,0.9429486989974976,48450,0.0,0.0,0.0
2021-08-25 00:00:00-04:00,0.9429486098846549,0.9429486098846549,0.9407298564910889,0.9407298564910889,296934,0.0,0.0,0.0
2021-08-26 00:00:00-04:00,0.9530637264251709,0.952929207390298,0.9512697472136739,0.9530637264251709,7598,0.01125,0.0,0.0
2021-08-27 00:00:00-04:00,0.9530637264251709,0.952929207390298,0.9508211722126468,0.9530637264251709,311273,0.0,0.0,0.0
2021-08-30 00:00:00-04:00,0.9530637264251709,0.9530637264251709,0.9530637264251709,0.9530637264251709,0,0.0,0.0,0.0
2021-08-31 00:00:00-04:00,0.9530637264251709,0.955306280637695,0.9510903172132631,0.9530637264251709,62559,0.0,0.0,0.0
2021-09-01 00:00:00-04:00,0.9530637154568573,0.9597912710861352,0.9463361598275795,0.9508211612701416,7320092,0.0,0.0,0.0
2021-09-02 00:00:00-04:00,0.9530637264251709,0.9597912821318727,0.9508211722126468,0.9530637264251709,582299,0.0,0.0,0.0
2021-09-03 00:00:00-04:00,0.9553063295293781,0.959791331253094,0.9508212208747864,0.9508212208747864,497624,0.0,0.0,0.0
2021-09-07 00:00:00-04:00,0.9553062319755554,0.9569207811043985,0.9508211237789732,0.9553062319755554,95226,0.0,0.0,0.0
2021-09-08 00:00:00-04:00,0.9553063295293781,0.9553063295293781,0.9508212208747864,0.9508212208747864,1022800,0.0,0.0,0.0
2021-09-09 00:00:00-04:00,0.9553063295293781,0.9588942881360005,0.9463362191510704,0.9508212208747864,672000,0.0,0.0,0.0
2021-09-10 00:00:00-04:00,0.9553062319755554,0.9597912332412726,0.9575486791429816,0.9553062319755554,163690,0.0,0.0,0.0
2021-09-13 00:00:00-04:00,0.9530637264251709,0.9530637264251709,0.9530637264251709,0.9530637264251709,0,0.0,0.0,0.0
2021-09-14 00:00:00-04:00,0.9530637264251709,0.955306280637695,0.9512697472136739,0.9530637264251709,85983,0.0,0.0,0.0
2021-09-15 00:00:00-04:00,0.9530637264251709,0.9527945814245548,0.9522384339679775,0.9530637264251709,90680,0.0,0.0,0.0
2021-09-16 00:00:00-04:00,0.9530637264251709,0.955306280637695,0.9510455131785955,0.9530637264251709,445215,0.0,0.0,0.0
2021-09-17 00:00:00-04:00,0.9530637264251709,0.9535121944953276,0.9515387852834197,0.9530637264251709,50386,0.0,0.0,0.0
2021-09-20 00:00:00-04:00,0.9530637264251709,0.9527945814245548,0.9517182152838306,0.9530637264251709,19100,0.0,0.0,0.0
2021-09-21 00:00:00-04:00,0.9530637264251709,0.955306280637695,0.9517182152838306,0.9530637264251709,23683,0.0,0.0,0.0
2021-09-22 00:00:00-04:00,0.9530637264251709,0.9550819396717463,0.9517182152838306,0.9530637264251709,65730,0.0,0.0,0.0
2021-09-23 00:00:00-04:00,0.9530637264251709,0.9530637264251709,0.9527945814245548,0.9530637264251709,73500,0.0,0.0,0.0
2021-09-24 00:00:00-04:00,0.9530637264251709,0.955306280637695,0.951807930284036,0.9530637264251709,6722,0.0,0.0,0.0
2021-09-27 00:00:00-04:00,0.9553062319755554,0.952794532890358,0.9518078818000981,0.9553062319755554,10358,0.0,0.0,0.0
2021-09-28 00:00:00-04:00,0.9553063295293781,0.959791331253094,0.9508212208747864,0.9508212208747864,134128,0.0,0.0,0.0
2021-09-29 00:00:00-04:00,0.9553063295293781,0.9544092864122846,0.9500588037303261,0.9508212208747864,213038,0.0,0.0,0.0
2021-09-30 00:00:00-04:00,0.9530637752020822,0.9553063295293781,0.9508212208747864,0.9508212208747864,123179,0.0,0.0,0.0
2021-10-01 00:00:00-04:00,0.9508211127482515,0.9597912221064864,0.9373661091071949,0.9530636668205261,4635587,0.0,0.0,0.0
2021-10-04 00:00:00-04:00,0.9508212208747864,0.9501933227720836,0.9483096284639755,0.9508212208747864,159484,0.0,0.0,0.0
2021-10-05 00:00:00-04:00,0.9508212621143773,0.9508212621143773,0.9418512582778931,0.9418512582778931,259140,0.0,0.0,0.0
2021-10-06 00:00:00-04:00,0.9463362601961353,0.9597913728817421,0.937366256359651,0.9418512582778931,205186,0.0,0.0,0.0
2021-10-07 00:00:00-04:00,0.9463362097740173,0.9454392735966872,0.9432864342955203,0.9463362097740173,31944,0.0,0.0,0.0
2021-10-08 00:00:00-04:00,0.9463362097740173,0.9508212114532923,0.9436452943111522,0.9463362097740173,103217,0.0,0.0,0.0
2021-10-11 00:00:00-04:00,0.9463360917134306,0.9463360917134306,0.941851090593684,0.944093644618988,340946,0.0,0.0,0.0
2021-10-12 00:00:00-04:00,0.9440937623998172,0.9498345602720542,0.9428379662068552,0.9463362097740173,145887,0.0,0.0,0.0
2021-10-13 00:00:00-04:00,0.9463362097740173,0.9498345602720542,0.9438246173880933,0.9463362097740173,145230,0.0,0.0,0.0
2021-10-14 00:00:00-04:00,0.9463362097740173,0.9446319454923903,0.9446319454923903,0.9463362097740173,88000,0.0,0.0,0.0
2021-10-15 00:00:00-04:00,0.9463362601961353,0.951583786222786,0.9418512582778931,0.9418512582778931,806075,0.0,0.0,0.0
2021-10-18 00:00:00-04:00,0.9463362097740173,0.9508212114532923,0.9447216604962982,0.9463362097740173,112844,0.0,0.0,0.0
2021-10-19 00:00:00-04:00,0.9463362097740173,0.9498345602720542,0.9418512080947423,0.9463362097740173,23711,0.0,0.0,0.0
2021-10-20 00:00:00-04:00,0.9463362097740173,0.9482200109943351,0.9480405809865191,0.9463362097740173,204155,0.0,0.0,0.0
2021-10-21 00:00:00-04:00,0.9463362097740173,0.9499242752759621,0.9445422304884823,0.9463362097740173,335061,0.0,0.0,0.0
2021-10-22 00:00:00-04:00,0.9463362800620534,0.9508212820744467,0.944632015653844,0.9485788345336914,402107,0.0,0.0,0.0
2021-10-25 00:00:00-04:00,0.9485788345336914,0.9508212820744467,0.9463362800620534,0.9485788345336914,123704,0.0,0.0,0.0
2021-10-26 00:00:00-04:00,0.9485787734783663,0.9508212208747864,0.9490272415714751,0.9508212208747864,800214,0.0,0.0,0.0
2021-10-27 00:00:00-04:00,0.9508212208747864,0.9526153071089734,0.9490272415714751,0.9508212208747864,53172,0.0,0.0,0.0
2021-10-28 00:00:00-04:00,0.9508212208747864,0.9544092864122846,0.9499242846885686,0.9508212208747864,119093,0.0,0.0,0.0
2021-10-29 00:00:00-04:00,0.9530637264251709,0.955306280637695,0.9517182152838306,0.9530637264251709,47567,0.0,0.0,0.0
2021-11-01 00:00:00-04:00,0.9530637264251709,0.9597912821318727,0.9508211722126468,0.9530637264251709,54830,0.0,0.0,0.0
2021-11-02 00:00:00-04:00,0.9530636778772643,0.956831066108763,0.946336122513256,0.9553062319755554,99979,0.0,0.0,0.0
2021-11-03 00:00:00-04:00,0.9553062319755554,0.9597912332412726,0.953601860920212,0.9553062319755554,660500,0.0,0.0,0.0
2021-11-04 00:00:00-04:00,0.9553062319755554,0.9575486791429816,0.9512696987571504,0.9553062319755554,135737,0.0,0.0,0.0
2021-11-05 00:00:00-04:00,0.9553062902217889,0.9605626910672495,0.9544092471416057,0.9575487375259399,242298,0.0,0.0,0.0
2021-11-08 00:00:00-05:00,0.957548698675851,0.9642762541770935,0.9597912528198875,0.9642762541770935,84326,0.0,0.0,0.0
2021-11-09 00:00:00-05:00,0.9620338082313538,0.9642763626276065,0.9611816760558942,0.9620338082313538,65781,0.0,0.0,0.0
2021-11-10 00:00:00-05:00,0.9620338082313538,0.9642763626276065,0.95979136076598,0.9620338082313538,497271,0.0,0.0,0.0
2021-11-11 00:00:00-05:00,0.9620338082313538,0.9642763626276065,0.9620338082313538,0.9620338082313538,359822,0.0,0.0,0.0
2021-11-12 00:00:00-05:00,0.9620338082313538,0.968761364489233,0.9620787192005711,0.9620338082313538,529887,0.0,0.0,0.0
2021-11-15 00:00:00-05:00,0.9620338082313538,0.9642763626276065,0.9609125310332274,0.9620338082313538,135269,0.0,0.0,0.0
2021-11-16 00:00:00-05:00,0.9620338082313538,0.9642763626276065,0.9609125310332274,0.9620338082313538,21192,0.0,0.0,0.0
2021-11-17 00:00:00-05:00,0.962033700033057,0.9687612555342996,0.9609124229610387,0.9642762541770935,221270,0.0,0.0,0.0
2021-11-18 00:00:00-05:00,0.9642764313116675,0.9687614334927545,0.9645454694226184,0.9665188789367676,257940,0.0,0.0,0.0
2021-11-19 00:00:00-05:00,0.9665187111112709,0.9732462666801776,0.9665636220758889,0.9687612652778625,224695,0.0,0.0,0.0
2021-11-22 00:00:00-05:00,0.9687612652778625,0.971003712513586,0.9692097333388335,0.9687612652778625,268038,0.0,0.0,0.0
2021-11-23 00:00:00-05:00,0.9687612156016541,0.9732462167739868,0.9687612156016541,0.9732462167739868,390115,0.0,0.0,0.0
2021-11-24 00:00:00-05:00,0.9687612652778625,0.9736050197427808,0.9687612652778625,0.9687612652778625,491515,0.01125,0.0,0.0
2021-11-26 00:00:00-05:00,0.9721603955891255,0.974426555624602,0.9608298115246583,0.9653621315956116,1329013,0.0,0.0,0.0
2021-11-29 00:00:00-05:00,0.9653621742829032,0.9663592112642094,0.9608298540115356,0.9608298540115356,210427,0.0,0.0,0.0
2021-11-30 00:00:00-05:00,0.9676281835746302,0.9676281835746302,0.9608298115246583,0.9653621315956116,177008,0.0,0.0,0.0
2021-12-01 00:00:00-05:00,0.9653620632716946,0.9698942749654206,0.9608297435215183,0.9630959033966064,4641231,0.0,0.0,0.0
2021-12-02 00:00:00-05:00,0.9653621290077384,0.969894341010084,0.9608298089489351,0.9676281809806824,1003092,0.0,0.0,0.0
2021-12-03 00:00:00-05:00,0.9676281809806824,0.9681267534761839,0.9662685065743329,0.9676281809806824,270987,0.0,0.0,0.0
2021-12-06 00:00:00-05:00,0.9676281809806824,0.969894341010084,0.9653621290077384,0.9676281809806824,54373,0.0,0.0,0.0
2021-12-07 00:00:00-05:00,0.9676281835746302,0.9698489598977809,0.9653621315956116,0.9653621315956116,306278,0.0,0.0,0.0
2021-12-08 00:00:00-05:00,0.9676281809806824,0.9676281809806824,0.9653621290077384,0.9676281809806824,157553,0.0,0.0,0.0
2021-12-09 00:00:00-05:00,0.9676281809806824,0.969894341010084,0.9653621290077384,0.9676281809806824,333268,0.0,0.0,0.0
2021-12-10 00:00:00-05:00,0.9676281835746302,0.9686253285683064,0.9653621315956116,0.9653621315956116,381635,0.0,0.0,0.0
2021-12-13 00:00:00-05:00,0.965362182761483,0.9677188942336055,0.960829862450309,0.963096022605896,177924,0.0,0.0,0.0
2021-12-14 00:00:00-05:00,0.963096022605896,0.965362182761483,0.9621895369323684,0.963096022605896,124122,0.0,0.0,0.0
2021-12-15 00:00:00-05:00,0.963096022605896,0.963096022605896,0.960829862450309,0.963096022605896,143390,0.0,0.0,0.0
2021-12-16 00:00:00-05:00,0.963096022605896,0.965362182761483,0.9621895369323684,0.963096022605896,260029,0.0,0.0,0.0
2021-12-17 00:00:00-05:00,0.963096022605896,0.9644556970879554,0.960829862450309,0.963096022605896,68020,0.0,0.0,0.0
2021-12-20 00:00:00-05:00,0.963096022605896,0.965362182761483,0.963096022605896,0.963096022605896,352872,0.0,0.0,0.0
2021-12-21 00:00:00-05:00,0.963096022605896,0.9644556970879554,0.960829862450309,0.963096022605896,267963,0.0,0.0,0.0
2021-12-22 00:00:00-05:00,0.9630960141472195,0.9653621742829032,0.9608298540115356,0.9608298540115356,142738,0.0,0.0,0.0
2021-12-23 00:00:00-05:00,0.9630960141472195,0.9653621742829032,0.9608298540115356,0.9608298540115356,15185,0.0,0.0,0.0
2021-12-27 00:00:00-05:00,0.9608298540115356,0.9608298540115356,0.9608298540115356,0.9608298540115356,0,0.0,0.0,0.0
2021-12-28 00:00:00-05:00,0.9608298540115356,0.9608298540115356,0.9608298540115356,0.9608298540115356,0,0.0,0.0,0.0
2021-12-29 00:00:00-05:00,0.963096022605896,0.965362182761483,0.960920521823308,0.963096022605896,143511,0.0,0.0,0.0
2021-12-30 00:00:00-05:00,0.963096022605896,0.965362182761483,0.960829862450309,0.963096022605896,24512,0.0,0.0,0.0
2021-12-31 00:00:00-05:00,0.963096022605896,0.9626881094556318,0.9623708556783667,0.963096022605896,53891,0.0,0.0,0.0
2022-01-01 00:00:00-05:00,0.9630959544019944,0.965362114397098,0.9517653705393885,0.9608297944068909,5131337,0.0,0.0,0.0
2022-01-03 00:00:00-05:00,0.963096022605896,0.963096022605896,0.963096022605896,0.963096022605896,0,0.0,0.0,0.0
2022-01-04 00:00:00-05:00,0.963096022605896,0.9623708556783667,0.9619629425281024,0.963096022605896,57255,0.0,0.0,0.0
2022-01-05 00:00:00-05:00,0.9630960141472195,0.9653621742829032,0.9608298540115356,0.9608298540115356,1047698,0.0,0.0,0.0
2022-01-06 00:00:00-05:00,0.963096022605896,0.963096022605896,0.9610565649110385,0.963096022605896,245500,0.0,0.0,0.0
2022-01-07 00:00:00-05:00,0.9630959715601349,0.9653621315956116,0.9608298115246583,0.9653621315956116,579710,0.0,0.0,0.0
2022-01-10 00:00:00-05:00,0.963096022605896,0.9644556970879554,0.9610565649110385,0.963096022605896,32946,0.0,0.0,0.0
2022-01-11 00:00:00-05:00,0.963096022605896,0.962642833797364,0.9612831593153045,0.963096022605896,186284,0.0,0.0,0.0
2022-01-12 00:00:00-05:00,0.9630960141472195,0.9619176584215074,0.9608298540115356,0.9608298540115356,453993,0.0,0.0,0.0
2022-01-13 00:00:00-05:00,0.963096022605896,0.9624433615654732,0.960829862450309,0.963096022605896,195426,0.0,0.0,0.0
2022-01-14 00:00:00-05:00,0.963096022605896,0.963096022605896,0.960829862450309,0.963096022605896,44463,0.0,0.0,0.0
2022-01-18 00:00:00-05:00,0.963096022605896,0.963096022605896,0.9517654379408882,0.963096022605896,269847,0.0,0.0,0.0
2022-01-19 00:00:00-05:00,0.963096022605896,0.9618270074968356,0.960829862450309,0.963096022605896,264452,0.0,0.0,0.0
2022-01-20 00:00:00-05:00,0.963096022605896,0.965362182761483,0.9517654379408882,0.963096022605896,203568,0.0,0.0,0.0
2022-01-21 00:00:00-05:00,0.9630960141472195,0.9653621742829032,0.9608298540115356,0.9608298540115356,96544,0.0,0.0,0.0
2022-01-24 00:00:00-05:00,0.963096022605896,0.9637305301604261,0.9617363481238365,0.963096022605896,54111,0.0,0.0,0.0
2022-01-25 00:00:00-05:00,0.963096022605896,0.965362182761483,0.9623708556783667,0.963096022605896,26084,0.0,0.0,0.0
2022-01-26 00:00:00-05:00,0.963096022605896,0.965362182761483,0.9621895369323684,0.963096022605896,313579,0.0,0.0,0.0
2022-01-27 00:00:00-05:00,0.963096022605896,0.9635492114144278,0.960829862450309,0.963096022605896,137729,0.0,0.0,0.0
2022-01-28 00:00:00-05:00,0.963096022605896,0.9623708556783667,0.9622801963053675,0.963096022605896,71490,0.0,0.0,0.0
2022-01-31 00:00:00-05:00,0.9630960141472195,0.9653621742829032,0.9608298540115356,0.9608298540115356,342025,0.0,0.0,0.0
2022-02-01 00:00:00-05:00,0.963096022605896,0.9652715233884839,0.9600594198645119,0.963096022605896,686142,0.0,0.0,0.0
2022-02-02 00:00:00-05:00,0.9630960141472195,0.9653621742829032,0.9608298540115356,0.9608298540115356,973952,0.0,0.0,0.0
2022-02-03 00:00:00-05:00,0.963096022605896,0.965362182761483,0.960829862450309,0.963096022605896,180519,0.0,0.0,0.0
2022-02-04 00:00:00-05:00,0.963096022605896,0.9622711195624213,0.960829862450309,0.963096022605896,324701,0.0,0.0,0.0
2022-02-07 00:00:00-05:00,0.9630960767405712,0.9610566189310779,0.9517654914386824,0.9585638642311096,386374,0.0,0.0,0.0
2022-02-08 00:00:00-05:00,0.9585638503513063,0.9583825315977418,0.9517654776573181,0.9517654776573181,316114,0.0,0.0,0.0
2022-02-09 00:00:00-05:00,0.9540316434299482,0.9608299081068203,0.9517654831666782,0.9562976956367493,354886,0.0,0.0,0.0
2022-02-10 00:00:00-05:00,0.9562976956367493,0.9562976956367493,0.9523094394305205,0.9562976956367493,129807,0.0,0.0,0.0
2022-02-11 00:00:00-05:00,0.9562976956367493,0.9562976956367493,0.9523094394305205,0.9562976956367493,165442,0.0,0.0,0.0
2022-02-14 00:00:00-05:00,0.9562976956367493,0.9523094394305205,0.9523094394305205,0.9562976956367493,63725,0.0,0.0,0.0
2022-02-15 00:00:00-05:00,0.9562976956367493,0.9562976956367493,0.9517654831666782,0.9562976956367493,87529,0.0,0.0,0.0
2022-02-16 00:00:00-05:00,0.9562975789727419,0.9562975789727419,0.9517653670555803,0.9540315270423889,54137,0.0,0.0,0.0
2022-02-17 00:00:00-05:00,0.9540315270423889,0.9562975789727419,0.9517653670555803,0.9540315270423889,42708,0.0,0.0,0.0
2022-02-18 00:00:00-05:00,0.9540315270423889,0.9544847158171684,0.9517653670555803,0.9540315270423889,47159,0.0,0.0,0.0
2022-02-22 00:00:00-05:00,0.9540315209511825,0.9517653609788427,0.9472331490906178,0.9494993090629578,149993,0.0,0.0,0.0
2022-02-23 00:00:00-05:00,0.9494993601675528,0.9517654122054027,0.9427009879410816,0.9472332000732422,119138,0.0,0.0,0.0
2022-02-24 00:00:00-05:00,0.9494995293053039,0.947233368807314,0.9381689429283142,0.9381689429283142,143819,0.0,0.0,0.0
2022-02-25 00:00:00-05:00,0.9381687069963043,0.9359026551246643,0.9336364951965715,0.9359026551246643,104161,0.0,0.0,0.0
2022-02-28 00:00:00-05:00,0.9359027088095859,0.9381687608112104,0.9291043366917945,0.9313704967498779,55691,0.0,0.0,0.0
2022-03-01 00:00:00-05:00,0.9313705058619193,0.9517654063019084,0.9028175047725364,0.942700982093811,4340292,0.015,0.0,0.0
2022-03-02 00:00:00-05:00,0.9291042710072241,0.9291042710072241,0.9245720592679284,0.926838219165802,75414,0.0,0.0,0.0
2022-03-03 00:00:00-05:00,0.9268383299494756,0.9236657921584048,0.9200399574997066,0.9245721697807312,16950,0.0,0.0,0.0
2022-03-04 00:00:00-05:00,0.9245721725146412,0.9227593092081636,0.9200399602202151,0.9223061203956604,118000,0.0,0.0,0.0
2022-03-07 00:00:00-05:00,0.9223061061870076,0.9200399460464738,0.9155077338218689,0.9155077338218689,126216,0.0,0.0,0.0
2022-03-08 00:00:00-05:00,0.9177738939624028,0.9155077338218689,0.9109755215972641,0.9155077338218689,179541,0.0,0.0,0.0
2022-03-09 00:00:00-05:00,0.9177739565752466,0.9155077962801096,0.9046305078102748,0.9132417440414429,136759,0.0,0.0,0.0
2022-03-10 00:00:00-05:00,0.9132416187648063,0.9109754587805365,0.9064432468684525,0.9087094068527222,212545,0.0,0.0,0.0
2022-03-11 00:00:00-05:00,0.9087094068527222,0.9109754587805365,0.9028174665331397,0.9087094068527222,562673,0.0,0.0,0.0
2022-03-14 00:00:00-04:00,0.9087095232290601,0.9109755754470825,0.906896551786879,0.9109755754470825,165571,0.0,0.0,0.0
2022-03-15 00:00:00-04:00,0.9132417440414429,0.9132417440414429,0.9109755837463058,0.9132417440414429,593783,0.0,0.0,0.0
2022-03-16 00:00:00-04:00,0.9132415715292749,0.9200398350175472,0.9109754116622176,0.9177737832069397,369042,0.0,0.0,0.0
2022-03-17 00:00:00-04:00,0.9315748810768127,0.9338750088257273,0.9302867832138949,0.9315748810768127,107681,0.015,0.0,0.0
2022-03-18 00:00:00-04:00,0.9315748810768127,0.9334150052122159,0.9302867832138949,0.9315748810768127,23060,0.0,0.0,0.0
2022-03-21 00:00:00-04:00,0.9315748810768127,0.9356231103021566,0.9292746436465408,0.9315748810768127,332504,0.0,0.0,0.0
2022-03-22 00:00:00-04:00,0.9315749807033428,0.9384754743694116,0.9338751086982426,0.9361753463745117,20655,0.0,0.0,0.0
2022-03-23 00:00:00-04:00,0.9361753463745117,0.9384754743694116,0.9338751086982426,0.9361753463745117,121649,0.0,0.0,0.0
2022-03-24 00:00:00-04:00,0.9361754405088303,0.9476763010025024,0.9361754405088303,0.9476763010025024,259594,0.0,0.0,0.0
2022-03-25 00:00:00-04:00,0.9453760550408863,0.9614772796630859,0.9453760550408863,0.9614772796630859,228319,0.0,0.0,0.0
2022-03-28 00:00:00-04:00,0.9545767903327942,0.9568769182825713,0.9522765527016499,0.9545767903327942,45427,0.0,0.0,0.0
2022-03-29 00:00:00-04:00,0.9545768895713144,0.9660777498785721,0.9522766517010357,0.9591772556304932,237459,0.0,0.0,0.0
2022-03-30 00:00:00-04:00,0.961477304433901,0.9660776701132452,0.9628574251058413,0.9637775421142578,308861,0.0,0.0,0.0
2022-03-31 00:00:00-04:00,0.9637775368970225,0.9660776648835585,0.9568769335746765,0.9568769335746765,52454,0.0,0.0,0.0
2022-04-01 00:00:00-04:00,0.9614772912336427,1.0028806914606772,0.959177163266234,0.9890795946121216,8473225,0.0,0.0,0.0
2022-04-04 00:00:00-04:00,0.9614772796630859,0.9706780107847334,0.9591771517233574,0.9614772796630859,174282,0.0,0.0,0.0
2022-04-05 00:00:00-04:00,0.9614774772460918,0.97527857676468,0.9614774772460918,0.9706782102584839,342287,0.0,0.0,0.0
2022-04-06 00:00:00-04:00,0.9706781109965457,0.9752784770323064,0.9660777449607849,0.9660777449607849,140840,0.0,0.0,0.0
2022-04-07 00:00:00-04:00,0.9706780616151732,0.9936800003051758,0.9761985444497934,0.9936800003051758,418921,0.0,0.0,0.0
2022-04-08 00:00:00-04:00,0.9890795350074768,0.9936799003464313,0.989171447988285,0.9890795350074768,193430,0.0,0.0,0.0
2022-04-11 00:00:00-04:00,0.9890796345034497,1.0019606148757336,0.9913797625636266,0.9936800003051758,48233,0.0,0.0,0.0
2022-04-12 00:00:00-04:00,0.9936799806827038,1.0028807121044665,0.9997523800632259,0.9982803463935852,433667,0.0,0.0,0.0
2022-04-13 00:00:00-04:00,0.9982803463935852,1.0028807121044665,0.9959801086974595,0.9982803463935852,1552749,0.0,0.0,0.0
2022-04-14 00:00:00-04:00,0.9982803463935852,1.0018685724201328,0.9936799806827038,0.9982803463935852,137544,0.0,0.0,0.0
2022-04-18 00:00:00-04:00,0.9982803463935852,0.9982803463935852,0.9982803463935852,0.9982803463935852,0,0.0,0.0,0.0
2022-04-19 00:00:00-04:00,0.9982803463935852,0.9973602293788608,0.9936799806827038,0.9982803463935852,290902,0.0,0.0,0.0
2022-04-20 00:00:00-04:00,0.9982803463935852,1.0028807121044665,0.9936799806827038,0.9982803463935852,1066081,0.0,0.0,0.0
2022-04-21 00:00:00-04:00,0.9982803661069019,1.002880731908628,0.9853992760532455,0.9936800003051758,112501,0.0,0.0,0.0
2022-04-22 00:00:00-04:00,0.9936800003051758,0.9936800003051758,0.9844792687017238,0.9936800003051758,2110679,0.0,0.0,0.0
2022-04-25 00:00:00-04:00,0.9936799003464313,0.9936799003464313,0.9881594180671414,0.9890795350074768,58165,0.0,0.0,0.0
2022-04-26 00:00:00-04:00,0.9890795350074768,0.9890795350074768,0.9844791696685222,0.9890795350074768,212057,0.0,0.0,0.0
2022-04-27 00:00:00-04:00,0.9890794944648068,0.9867792570489363,0.9844791293144226,0.9844791293144226,424538,0.0,0.0,0.0
2022-04-28 00:00:00-04:00,0.9890794944648068,0.9936798596151909,0.9844791293144226,0.9844791293144226,510020,0.0,0.0,0.0
2022-04-29 00:00:00-04:00,0.9844791696685222,0.9935878776842616,0.9844791696685222,0.9890795350074768,54309,0.0,0.0,0.0
2022-05-01 00:00:00-04:00,0.9890795430262719,0.9936799084025231,0.9614772410874023,0.9706779718399048,13732277,0.0,0.0,0.0
2022-05-02 00:00:00-04:00,0.9890795350074768,0.9890795350074768,0.9890795350074768,0.9890795350074768,0,0.0,0.0,0.0
2022-05-03 00:00:00-04:00,0.9844791696685222,0.9927597834060958,0.9846631053115003,0.9890795350074768,205627,0.0,0.0,0.0
2022-05-04 00:00:00-04:00,0.9844791696685222,0.9936799003464313,0.9849391732980093,0.9890795350074768,149604,0.0,0.0,0.0
2022-05-05 00:00:00-04:00,0.9844791696685222,0.9892634706504547,0.9889875123453071,0.9890795350074768,181818,0.0,0.0,0.0
2022-05-06 00:00:00-04:00,0.9844791696685222,0.9936799003464313,0.9845710826493306,0.9890795350074768,428201,0.0,0.0,0.0
2022-05-09 00:00:00-04:00,0.9844791293144226,0.9844791293144226,0.9752782893322974,0.9844791293144226,131684,0.0,0.0,0.0
2022-05-10 00:00:00-04:00,0.9844791293144226,0.9844791293144226,0.9752782893322974,0.9844791293144226,2118734,0.0,0.0,0.0
2022-05-11 00:00:00-04:00,0.9844791293144226,0.9935878369567933,0.9752782893322974,0.9844791293144226,584562,0.0,0.0,0.0
2022-05-12 00:00:00-04:00,0.9844791293144226,0.9935878369567933,0.9780385303587993,0.9844791293144226,48651,0.0,0.0,0.0
2022-05-13 00:00:00-04:00,0.9844791293144226,0.9935878369567933,0.9752782893322974,0.9844791293144226,93159,0.0,0.0,0.0
2022-05-16 00:00:00-04:00,0.9844793281193256,0.9782227732170543,0.9706781201998123,0.9798789620399475,299841,0.0,0.0,0.0
2022-05-17 00:00:00-04:00,0.9798789620399475,0.9764286052193797,0.9752784862791904,0.9798789620399475,31843,0.0,0.0,0.0
2022-05-18 00:00:00-04:00,0.9798788527807504,0.9823169598826758,0.9660776464001097,0.975278377532959,57940,0.0,0.0,0.0
2022-05-19 00:00:00-04:00,0.975278377532959,0.975278377532959,0.9660776464001097,0.975278377532959,144122,0.0,0.0,0.0
2022-05-20 00:00:00-04:00,0.97527857676468,0.9706782102584839,0.9614774772460918,0.9706782102584839,205640,0.0,0.0,0.0
2022-05-23 00:00:00-04:00,0.9706782102584839,0.9697582027660782,0.9660778437522879,0.9706782102584839,7385,0.0,0.0,0.0
2022-05-24 00:00:00-04:00,0.9706782102584839,0.9729784483522765,0.9679180780998776,0.9706782102584839,248010,0.0,0.0,0.0
2022-05-25 00:00:00-04:00,0.9706782102584839,0.97527857676468,0.9660778437522879,0.9706782102584839,4301891,0.0,0.0,0.0
2022-05-26 00:00:00-04:00,0.9706782102584839,0.9660778437522879,0.9660778437522879,0.9706782102584839,15441,0.0,0.0,0.0
2022-05-27 00:00:00-04:00,0.9706782102584839,0.9706782102584839,0.9660778437522879,0.9706782102584839,3181628,0.0,0.0,0.0
2022-05-31 00:00:00-04:00,0.9706782102584839,0.97527857676468,0.9660778437522879,0.9706782102584839,272036,0.0,0.0,0.0
2022-06-01 00:00:00-04:00,0.9811406135559082,0.9857905648670325,0.9764906622447839,0.9811406135559082,206016,0.01125,0.0,0.0
2022-06-02 00:00:00-04:00,0.9811406135559082,0.9811406135559082,0.9811406135559082,0.9811406135559082,0,0.0,0.0,0.0
2022-06-03 00:00:00-04:00,0.9811406135559082,0.9811406135559082,0.9811406135559082,0.9811406135559082,0,0.0,0.0,0.0
2022-06-06 00:00:00-04:00,0.9764905571937561,0.9755606335497231,0.9681206900795978,0.9764905571937561,75800,0.0,0.0,0.0
2022-06-07 00:00:00-04:00,0.9764905571937561,0.9766765862679916,0.9764905571937561,0.9764905571937561,2519288,0.0,0.0,0.0
2022-06-08 00:00:00-04:00,0.9764905571937561,0.9766765862679916,0.9671906555719926,0.9764905571937561,500889,0.0,0.0,0.0
2022-06-09 00:00:00-04:00,0.9764905110272905,0.9717475459035286,0.9578907086631238,0.9718405604362488,569245,0.0,0.0,0.0
2022-06-10 00:00:00-04:00,0.9718405604362488,0.9718405604362488,0.9681206443088423,0.9718405604362488,198508,0.0,0.0,0.0
2022-06-13 00:00:00-04:00,0.9718405604362488,0.9682136588415624,0.9485908074810403,0.9718405604362488,1323709,0.0,0.0,0.0
2022-06-14 00:00:00-04:00,0.9718405875722818,0.9718405875722818,0.9578907354096446,0.9625406861305237,692426,0.0,0.0,0.0
2022-06-15 00:00:00-04:00,0.9625406861305237,0.9578907354096446,0.9555658154809902,0.9625406861305237,318238,0.0,0.0,0.0
2022-06-16 00:00:00-04:00,0.9625406669519788,0.9662606939727029,0.9485908150672913,0.9485908150672913,448224,0.0,0.0,0.0
2022-06-17 00:00:00-04:00,0.9625406861305237,0.9578907354096446,0.9485908339678865,0.9625406861305237,4226420,0.0,0.0,0.0
2022-06-21 00:00:00-04:00,0.9625406861305237,0.9671906368514027,0.9578907354096446,0.9625406861305237,32578,0.0,0.0,0.0
2022-06-22 00:00:00-04:00,0.9625406533451453,0.9578907027826495,0.9485908016576581,0.9532407522201538,57727,0.0,0.0,0.0
2022-06-23 00:00:00-04:00,0.9485908150672913,0.9578907163237496,0.939290913810833,0.9485908150672913,226806,0.0,0.0,0.0
2022-06-24 00:00:00-04:00,0.948590782090074,0.948590782090074,0.9299909802237688,0.9392908811569214,196876,0.0,0.0,0.0
2022-06-27 00:00:00-04:00,0.9392908346356874,0.9346408843994141,0.920691033690594,0.9346408843994141,2941592,0.0,0.0,0.0
2022-06-28 00:00:00-04:00,0.9346408843994141,0.9346408843994141,0.9299909341631407,0.9346408843994141,1085055,0.0,0.0,0.0
2022-06-29 00:00:00-04:00,0.9346408843994141,0.9323159647130567,0.9299909341631407,0.9346408843994141,131635,0.0,0.0,0.0
2022-06-30 00:00:00-04:00,0.9346408843994141,0.9392908346356874,0.9299909341631407,0.9346408843994141,497697,0.0,0.0,0.0
2022-07-01 00:00:00-04:00,0.9346408843994141,0.9392908346356874,0.9299909341631407,0.9346408843994141,49470,0.0,0.0,0.0
2022-07-05 00:00:00-04:00,0.934640930690345,0.948590782090074,0.9299909802237688,0.9392908811569214,55085,0.0,0.0,0.0
2022-07-06 00:00:00-04:00,0.9392908811569214,0.948590782090074,0.932316010888839,0.9392908811569214,330584,0.0,0.0,0.0
2022-07-07 00:00:00-04:00,0.9392908811569214,0.948590782090074,0.9299909802237688,0.9392908811569214,35458,0.0,0.0,0.0
2022-07-08 00:00:00-04:00,0.9392909080506229,0.9439408586503362,0.9113912044523431,0.9299910068511963,460303,0.0,0.0,0.0
2022-07-11 00:00:00-04:00,0.9392908811569214,0.934640930690345,0.9299909802237688,0.9392908811569214,360645,0.0,0.0,0.0
2022-07-12 00:00:00-04:00,0.9392909080506229,0.9392909080506229,0.9299910068511963,0.9299910068511963,245530,0.0,0.0,0.0
2022-07-13 00:00:00-04:00,0.9392908346356874,0.9484047060569868,0.9299909341631407,0.9346408843994141,274991,0.0,0.0,0.0
2022-07-14 00:00:00-04:00,0.9346408843994141,0.9346408843994141,0.9253409839268674,0.9346408843994141,6048806,0.0,0.0,0.0
2022-07-15 00:00:00-04:00,0.9346408843994141,0.9315160841381166,0.9290609552022419,0.9346408843994141,4608549,0.0,0.0,0.0
2022-07-18 00:00:00-04:00,0.9346408843994141,0.9346408843994141,0.9299909341631407,0.9346408843994141,33550,0.0,0.0,0.0
2022-07-19 00:00:00-04:00,0.9346409574509096,0.9305489831849911,0.9299910068511963,0.9299910068511963,13040,0.0,0.0,0.0
2022-07-20 00:00:00-04:00,0.9346408843994141,0.9305489104533241,0.9299909341631407,0.9346408843994141,121836,0.0,0.0,0.0
2022-07-21 00:00:00-04:00,0.9299910068511963,0.9299910068511963,0.9206911056517697,0.9299910068511963,39422162,0.0,0.0,0.0
2022-07-22 00:00:00-04:00,0.9299910068511963,0.9299910068511963,0.9299910068511963,0.9299910068511963,0,0.0,0.0,0.0
2022-07-25 00:00:00-04:00,0.925341010093689,0.929060981474257,0.9205980451976703,0.925341010093689,88701,0.0,0.0,0.0
2022-07-26 00:00:00-04:00,0.925341010093689,0.9299909604614538,0.9206910597259242,0.925341010093689,179555,0.0,0.0,0.0
2022-07-27 00:00:00-04:00,0.925341010093689,0.9206910597259242,0.9206910597259242,0.925341010093689,41822,0.0,0.0,0.0
2022-07-28 00:00:00-04:00,0.9253410832810111,0.9197611534847202,0.9113912310743912,0.9206911325454712,14610,0.0,0.0,0.0
2022-07-29 00:00:00-04:00,0.9206911325454712,0.9197611534847202,0.9196681389491096,0.9206911325454712,23500,0.0,0.0,0.0
2022-08-01 00:00:00-04:00,0.9206911094762319,0.9299910107142894,0.9112981937048944,0.9183661341667175,12720405,0.0,0.0,0.0
2022-08-02 00:00:00-04:00,0.9206911325454712,0.9206911325454712,0.9112982165387806,0.9206911325454712,307760,0.0,0.0,0.0
2022-08-03 00:00:00-04:00,0.9206911325454712,0.926271062341762,0.9113912310743912,0.9206911325454712,122713,0.0,0.0,0.0
2022-08-04 00:00:00-04:00,0.9206911325454712,0.9253410832810111,0.9172501490457289,0.9206911325454712,98204,0.0,0.0,0.0
2022-08-05 00:00:00-04:00,0.9206911325454712,0.9290610549558,0.9123212101351422,0.9206911325454712,103441,0.0,0.0,0.0
2022-08-08 00:00:00-04:00,0.9206911325454712,0.9206911325454712,0.9206911325454712,0.9206911325454712,18999,0.0,0.0,0.0
2022-08-09 00:00:00-04:00,0.9206911056517697,0.9299910068511963,0.9113912044523431,0.9299910068511963,20925,0.0,0.0,0.0
2022-08-10 00:00:00-04:00,0.9206911325454712,0.929991034016551,0.9160411818099312,0.9206911325454712,39300,0.0,0.0,0.0
2022-08-11 00:00:00-04:00,0.9206911325454712,0.9290610549558,0.9113912310743912,0.9206911325454712,84015,0.0,0.0,0.0
2022-08-12 00:00:00-04:00,0.9206911325454712,0.9245970778596962,0.9113912310743912,0.9206911325454712,8561770,0.0,0.0,0.0
2022-08-15 00:00:00-04:00,0.9206911325454712,0.929991034016551,0.9113912310743912,0.9206911325454712,135882,0.0,0.0,0.0
2022-08-16 00:00:00-04:00,0.9206910597259242,0.925341010093689,0.9123211379775914,0.925341010093689,1717774,0.0,0.0,0.0
2022-08-17 00:00:00-04:00,0.9206911056517697,0.9299910068511963,0.9174361513183271,0.9299910068511963,21000,0.0,0.0,0.0
2022-08-18 00:00:00-04:00,0.9206911325454712,0.929991034016551,0.9113912310743912,0.9206911325454712,48516,0.0,0.0,0.0
2022-08-19 00:00:00-04:00,0.9206911325454712,0.9236020218830889,0.9113912310743912,0.9206911325454712,584254,0.0,0.0,0.0
2022-08-22 00:00:00-04:00,0.9206911325454712,0.9206911325454712,0.9136231919065506,0.9206911325454712,83489,0.0,0.0,0.0
2022-08-23 00:00:00-04:00,0.9206911056517697,0.9299910068511963,0.9299910068511963,0.9299910068511963,5000,0.0,0.0,0.0
2022-08-24 00:00:00-04:00,0.9206911325454712,0.929991034016551,0.9113912310743912,0.9206911325454712,8048,0.0,0.0,0.0
2022-08-25 00:00:00-04:00,0.9206911325454712,0.929991034016551,0.9113912310743912,0.9206911325454712,110325,0.0,0.0,0.0
2022-08-26 00:00:00-04:00,0.9206910497206894,0.9253410000379227,0.9115306154453071,0.9183660745620728,70129,0.0,0.0,0.0
2022-08-29 00:00:00-04:00,0.9183660745620728,0.9183660745620728,0.9183660745620728,0.9183660745620728,0,0.0,0.0,0.0
2022-08-30 00:00:00-04:00,0.9183661244901515,0.9253410503452019,0.9113911986351013,0.9113911986351013,556762,0.0,0.0,0.0
2022-08-31 00:00:00-04:00,0.9183660745620728,0.9253410000379227,0.9123676353269349,0.9183660745620728,8503,0.0,0.0,0.0
2022-09-01 00:00:00-04:00,0.9183661110389268,0.9127861815229721,0.9020912842821855,0.9160411357879639,118106,0.0,0.0,0.0
2022-09-02 00:00:00-04:00,0.9160411357879639,0.9160411357879639,0.9160411357879639,0.9160411357879639,10555,0.0,0.0,0.0
2022-09-06 00:00:00-04:00,0.9160411357879639,0.9113911852860377,0.9113911852860377,0.9160411357879639,17928,0.0,0.0,0.0
2022-09-07 00:00:00-04:00,0.9160411357879639,0.9180406156124277,0.9113911852860377,0.9160411357879639,48400,0.0,0.0,0.0
2022-09-08 00:00:00-04:00,0.9266244212469888,0.9266244212469888,0.9078096743302844,0.9172170758247375,169493,0.01125,0.0,0.0
2022-09-09 00:00:00-04:00,0.9172170758247375,0.8936986561969074,0.8936986561969074,0.9172170758247375,77731,0.0,0.0,0.0
2022-09-12 00:00:00-04:00,0.9078096747398376,0.9125134035252871,0.90310600202659,0.9078096747398376,69062,0.0,0.0,0.0
2022-09-13 00:00:00-04:00,0.9078096467656918,0.9113374292280199,0.8936986290607795,0.9031059741973877,898467,0.0,0.0,0.0
2022-09-14 00:00:00-04:00,0.9054577946662903,0.9035763481007111,0.8936986134509227,0.9054577946662903,50748,0.0,0.0,0.0
2022-09-15 00:00:00-04:00,0.9054578423604456,0.9007541696265369,0.8936986605256739,0.8984023332595825,115500,0.0,0.0,0.0
2022-09-16 00:00:00-04:00,0.8984023332595825,0.8984023332595825,0.8936986605256739,0.8984023332595825,120733,0.0,0.0,0.0
2022-09-19 00:00:00-04:00,0.8984023332595825,0.8984023332595825,0.8984023332595825,0.8984023332595825,0,0.0,0.0,0.0
2022-09-20 00:00:00-04:00,0.8984023090584817,0.8943289440565726,0.8842912912368774,0.8842912912368774,16434,0.0,0.0,0.0
2022-09-21 00:00:00-04:00,0.89134681224823,0.8852320265614162,0.8842913032416452,0.89134681224823,21003,0.0,0.0,0.0
2022-09-22 00:00:00-04:00,0.89134681224823,0.8984023212548148,0.8842913032416452,0.89134681224823,164428,0.0,0.0,0.0
2022-09-23 00:00:00-04:00,0.8913468281568309,0.8936986645343342,0.8795876462693137,0.8889949917793274,44606,0.0,0.0,0.0
2022-09-26 00:00:00-04:00,0.8889949070724457,0.884291234765623,0.8748838901519775,0.8748838901519775,226839,0.0,0.0,0.0
2022-09-27 00:00:00-04:00,0.8772357579287495,0.8701802492141724,0.8560692317850179,0.8701802492141724,261089,0.0,0.0,0.0
2022-09-28 00:00:00-04:00,0.8701803017468804,0.8560692834658451,0.8043288270298465,0.8090324997901917,149519,0.0,0.0,0.0
2022-09-29 00:00:00-04:00,0.8090324595524009,0.8090324595524009,0.7808103683217732,0.7972732782363892,191879,0.0,0.0,0.0
2022-09-30 00:00:00-04:00,0.7972732940774175,0.8008480650825205,0.7855140564555619,0.7949214577674866,69369,0.0,0.0,0.0
2022-10-01 00:00:00-04:00,0.7949214347693518,0.7996251072531303,0.6679221094907355,0.7173107266426086,6180693,0.0,0.0,0.0
2022-10-03 00:00:00-04:00,0.79492149025324,0.7808104157447815,0.7808104157447815,0.7808104157447815,54941,0.0,0.0,0.0
2022-10-04 00:00:00-04:00,0.7855140408881672,0.7996251145402992,0.79327510616435,0.7878658771514893,9724,0.0,0.0,0.0
2022-10-05 00:00:00-04:00,0.7878658929931974,0.7996251306184516,0.7714030388189225,0.7855140566825867,156053,0.0,0.0,0.0
2022-10-06 00:00:00-04:00,0.7855140566825867,0.7761067114401439,0.729069929155729,0.7855140566825867,380050,0.0,0.0,0.0
2022-10-07 00:00:00-04:00,0.7855140566825867,0.7855140566825867,0.7855140566825867,0.7855140566825867,0,0.0,0.0,0.0
2022-10-10 00:00:00-04:00,0.7855140566825867,0.7996251306184516,0.7714030388189225,0.7855140566825867,13062,0.0,0.0,0.0
2022-10-11 00:00:00-04:00,0.7855140604903766,0.7714030425583089,0.7714030425583089,0.7761067152023315,44277,0.0,0.0,0.0
2022-10-12 00:00:00-04:00,0.7761066871337919,0.7714030146598816,0.7619956697120609,0.7714030146598816,32144,0.0,0.0,0.0
2022-10-13 00:00:00-04:00,0.7714029606736313,0.7714029606736313,0.7525882720947266,0.7525882720947266,219326,0.0,0.0,0.0
2022-10-14 00:00:00-04:00,0.7714030463894597,0.7666993737220764,0.7619957010546933,0.7666993737220764,54426,0.0,0.0,0.0
2022-10-17 00:00:00-04:00,0.7666992885289052,0.7808103049630838,0.7525882720947266,0.7525882720947266,74430,0.0,0.0,0.0
2022-10-18 00:00:00-04:00,0.7643475412788077,0.771403050315794,0.7431810141678487,0.7572920322418213,34663,0.0,0.0,0.0
2022-10-19 00:00:00-04:00,0.7572919883777123,0.7384772987022058,0.7384772987022058,0.7549401521682739,23576,0.0,0.0,0.0
2022-10-20 00:00:00-04:00,0.7549401521682739,0.7384772987022058,0.7384772987022058,0.7549401521682739,1000,0.0,0.0,0.0
2022-10-21 00:00:00-04:00,0.7549401081670897,0.7714029606736313,0.7337735274436268,0.7525882720947266,331271,0.0,0.0,0.0
2022-10-24 00:00:00-04:00,0.7478846787103242,0.7337736047179023,0.7196625867976812,0.7408291697502136,82822,0.0,0.0,0.0
2022-10-25 00:00:00-04:00,0.7408291653570037,0.7243662551421721,0.6679221277238081,0.7055515646934509,123451,0.0,0.0,0.0
2022-10-26 00:00:00-04:00,0.7055515646934509,0.7102552373056312,0.6961442194690903,0.7055515646934509,4450464,0.0,0.0,0.0
2022-10-27 00:00:00-04:00,0.7102552927986674,0.7290699847174014,0.7055516198189838,0.7149589657783508,52574,0.0,0.0,0.0
2022-10-28 00:00:00-04:00,0.7149589657783508,0.7149589657783508,0.7149589657783508,0.7149589657783508,10439,0.0,0.0,0.0
2022-10-31 00:00:00-04:00,0.7149589498099392,0.7196626226845676,0.710255276935311,0.7173107862472534,32000,0.0,0.0,0.0
2022-11-01 00:00:00-04:00,0.7220144113721834,0.7314217564992946,0.7243662476539612,0.7243662476539612,11670,0.0,0.0,0.0
2022-11-02 00:00:00-04:00,0.7243662754523467,0.7337736209404755,0.7196626027082823,0.7290699481964111,196795,0.0,0.0,0.0
2022-11-03 00:00:00-04:00,0.7267181277275085,0.7243662913040099,0.7243662913040099,0.7267181277275085,70739,0.0,0.0,0.0
2022-11-04 00:00:00-04:00,0.7267181277275085,0.7243662913040099,0.7055515999160211,0.7267181277275085,46062,0.0,0.0,0.0
2022-11-07 00:00:00-05:00,0.7243662913040099,0.7271885174410896,0.7262477940861308,0.7267181277275085,10557,0.0,0.0,0.0
2022-11-08 00:00:00-05:00,0.7267181277275085,0.7267181277275085,0.7267181277275085,0.7267181277275085,0,0.0,0.0,0.0
2022-11-09 00:00:00-05:00,0.726718083935739,0.7337735927810725,0.7196625750904057,0.7243662476539612,263138,0.0,0.0,0.0
2022-11-10 00:00:00-05:00,0.7220144271850586,0.729069936184915,0.7196625908517731,0.7220144271850586,252436,0.0,0.0,0.0
2022-11-11 00:00:00-05:00,0.7220144390803145,0.7290699481964111,0.7220144390803145,0.7290699481964111,372695,0.0,0.0,0.0
2022-11-14 00:00:00-05:00,0.7267181277275085,0.7337736369980044,0.7196626184570127,0.7267181277275085,111359,0.0,0.0,0.0
2022-11-15 00:00:00-05:00,0.7267181277275085,0.7337736369980044,0.7196626184570127,0.7267181277275085,11868,0.0,0.0,0.0
2022-11-16 00:00:00-05:00,0.726718111824379,0.7337736209404755,0.7271885015276662,0.7290699481964111,21175,0.0,0.0,0.0
2022-11-17 00:00:00-05:00,0.733773576904673,0.7431809779004395,0.7243662319811052,0.7361254692077637,392584,0.0,0.0,0.0
2022-11-18 00:00:00-05:00,0.7361254534959717,0.7431809620380555,0.7308385181359515,0.7384772896766663,180422,0.0,0.0,0.0
2022-11-21 00:00:00-05:00,0.738477321416828,0.7409231907778929,0.7243662476539612,0.7243662476539612,299371,0.0,0.0,0.0
2022-11-22 00:00:00-05:00,0.7337736209404755,0.74092321921167,0.7243662754523467,0.7290699481964111,214308,0.0,0.0,0.0
2022-11-23 00:00:00-05:00,0.7337736487388611,0.7431810506555834,0.724366302894343,0.7337736487388611,245131,0.0,0.0,0.0
2022-11-25 00:00:00-05:00,0.7361254534959717,0.7408291258573608,0.7337735612430796,0.7384772896766663,170869,0.0,0.0,0.0
2022-11-28 00:00:00-05:00,0.738477345329831,0.7525883634774337,0.7365958426001629,0.7478846907615662,139509,0.0,0.0,0.0
2022-11-29 00:00:00-05:00,0.7478846749223438,0.7525883475385937,0.7478846749223438,0.7502365112304688,592116,0.0,0.0,0.0
2022-11-30 00:00:00-05:00,0.7502365112304688,0.7525883475385937,0.7485902314220013,0.7502365112304688,34988,0.0,0.0,0.0
2022-12-01 00:00:00-05:00,0.7562002539634705,0.7562002539634705,0.749043791680238,0.7562002539634705,469598,0.01125,0.0,0.0
2022-12-02 00:00:00-05:00,0.7562002539634705,0.7585857413912146,0.749043791680238,0.7562002539634705,109360,0.0,0.0,0.0
2022-12-05 00:00:00-05:00,0.7562002539634705,0.7633567162467028,0.749043791680238,0.7562002539634705,101600,0.0,0.0,0.0
2022-12-06 00:00:00-05:00,0.7562002246900656,0.7633566866962629,0.7490437626838684,0.7490437626838684,654359,0.0,0.0,0.0
2022-12-07 00:00:00-05:00,0.7538147568702698,0.7538147568702698,0.7490437820759552,0.7538147568702698,275034,0.0,0.0,0.0
2022-12-08 00:00:00-05:00,0.7538147568702698,0.7538147568702698,0.7490437820759552,0.7538147568702698,12400,0.0,0.0,0.0
2022-12-09 00:00:00-05:00,0.7538147568702698,0.7538147568702698,0.7519063328278405,0.7538147568702698,44731,0.0,0.0,0.0
2022-12-12 00:00:00-05:00,0.7538147568702698,0.756438775944791,0.7518586151174665,0.7538147568702698,12051,0.0,0.0,0.0
2022-12-13 00:00:00-05:00,0.7538147568702698,0.7490437820759552,0.7490437820759552,0.7538147568702698,8510,0.0,0.0,0.0
2022-12-14 00:00:00-05:00,0.7538147471434453,0.7550074623893809,0.7442727408034354,0.7514292597770691,23649,0.0,0.0,0.0
2022-12-15 00:00:00-05:00,0.7514292401991157,0.7538147275033398,0.739501746803492,0.7466582655906677,62378,0.0,0.0,0.0
2022-12-16 00:00:00-05:00,0.7466582655906677,0.750236468109752,0.739501746803492,0.7466582655906677,59930,0.0,0.0,0.0
2022-12-19 00:00:00-05:00,0.7466582655906677,0.7505990430701608,0.739644899929037,0.7466582655906677,19798,0.0,0.0,0.0
2022-12-20 00:00:00-05:00,0.7466582655906677,0.7442727214119401,0.7409330505609272,0.7466582655906677,111798,0.0,0.0,0.0
2022-12-21 00:00:00-05:00,0.7466582655906677,0.7490437528948918,0.739501746803492,0.7466582655906677,64102,0.0,0.0,0.0
2022-12-22 00:00:00-05:00,0.7466582655906677,0.7538147275033398,0.739501746803492,0.7466582655906677,73337,0.0,0.0,0.0
2022-12-23 00:00:00-05:00,0.7466582655906677,0.7466582655906677,0.7466582655906677,0.7466582655906677,0,0.0,0.0,0.0
2022-12-27 00:00:00-05:00,0.7466582655906677,0.7466582655906677,0.7466582655906677,0.7466582655906677,0,0.0,0.0,0.0
2022-12-28 00:00:00-05:00,0.7466582655906677,0.7538147275033398,0.7538147275033398,0.7466582655906677,3000,0.0,0.0,0.0
2022-12-29 00:00:00-05:00,0.7466582655906677,0.7466582655906677,0.7466582655906677,0.7466582655906677,0,0.0,0.0,0.0
2022-12-30 00:00:00-05:00,0.7466583128271133,0.7538147751925304,0.7538147751925304,0.744272768497467,77,0.0,0.0,0.0
2023-01-01 00:00:00-05:00,0.7442727095352086,0.7538147154743418,0.7156468623413172,0.7299597859382629,6135836,0.0,0.0,0.0
2023-01-03 00:00:00-05:00,0.744272768497467,0.7538147751925304,0.7538147751925304,0.744272768497467,109,0.0,0.0,0.0
2023-01-04 00:00:00-05:00,0.744272768497467,0.752860534710869,0.7347308186769108,0.744272768497467,129007,0.0,0.0,0.0
2023-01-05 00:00:00-05:00,0.744272768497467,0.7468491267987412,0.7347308186769108,0.744272768497467,194826,0.0,0.0,0.0
2023-01-06 00:00:00-05:00,0.7442727898232728,0.7442727898232728,0.7347308397293091,0.7347308397293091,63600,0.0,0.0,0.0
2023-01-09 00:00:00-05:00,0.744272768497467,0.7538147751925304,0.7347308186769108,0.744272768497467,113214,0.0,0.0,0.0
2023-01-10 00:00:00-05:00,0.7442727898232728,0.7347308397293091,0.7332613730448937,0.7347308397293091,755000,0.0,0.0,0.0
2023-01-11 00:00:00-05:00,0.744272768497467,0.7490438002822523,0.7347308186769108,0.744272768497467,1007173,0.0,0.0,0.0
2023-01-12 00:00:00-05:00,0.7418872714042664,0.7442727588284148,0.7347308091318208,0.7418872714042664,2282314,0.0,0.0,0.0
2023-01-13 00:00:00-05:00,0.7418872714042664,0.7418872714042664,0.7347308091318208,0.7418872714042664,97985,0.0,0.0,0.0
2023-01-17 00:00:00-05:00,0.7418872714042664,0.7468968348071328,0.7454655309777424,0.7418872714042664,17479,0.0,0.0,0.0
2023-01-18 00:00:00-05:00,0.7418873022997818,0.7442727898232728,0.7347308397293091,0.7347308397293091,104741,0.0,0.0,0.0
2023-01-19 00:00:00-05:00,0.7395017743110657,0.7379082644101073,0.7347307995251495,0.7395017743110657,23372,0.0,0.0,0.0
2023-01-20 00:00:00-05:00,0.7395017743110657,0.7438242936194652,0.7347307995251495,0.7395017743110657,440465,0.0,0.0,0.0
2023-01-23 00:00:00-05:00,0.7395017743110657,0.7442727490969817,0.7347307995251495,0.7395017743110657,215903,0.0,0.0,0.0
2023-01-24 00:00:00-05:00,0.7395017645794307,0.7395017645794307,0.7347307898562992,0.737116277217865,48044,0.0,0.0,0.0
2023-01-25 00:00:00-05:00,0.7371163079257393,0.7395017953866831,0.7299598455429077,0.7299598455429077,99771,0.0,0.0,0.0
2023-01-26 00:00:00-05:00,0.7371162883443754,0.7347308009468015,0.7251888513565063,0.7251888513565063,213492,0.0,0.0,0.0
2023-01-27 00:00:00-05:00,0.7323453330038516,0.7319159873480171,0.72518887062102,0.7299598455429077,65206,0.0,0.0,0.0
2023-01-30 00:00:00-05:00,0.7299598455429077,0.7299598455429077,0.72518887062102,0.7299598455429077,233904,0.0,0.0,0.0
2023-01-31 00:00:00-05:00,0.7299598455429077,0.72518887062102,0.7156469207772446,0.7299598455429077,15190,0.0,0.0,0.0
2023-02-01 00:00:00-05:00,0.7275743387540801,0.7299598261516539,0.715646901766211,0.7251888513565063,25534,0.0,0.0,0.0
2023-02-02 00:00:00-05:00,0.7275743518257696,0.7251888643853378,0.6965630151001566,0.6989485025405884,955710,0.0,0.0,0.0
2023-02-03 00:00:00-05:00,0.698948492854762,0.7013339802621364,0.6959904497949537,0.6965630054473877,68808,0.0,0.0,0.0
2023-02-06 00:00:00-05:00,0.6989485025405884,0.7013339899810201,0.6960000143569377,0.6989485025405884,322441,0.0,0.0,0.0
2023-02-07 00:00:00-05:00,0.6989485025405884,0.7013339899810201,0.6966107328113962,0.6989485025405884,83976,0.0,0.0,0.0
2023-02-08 00:00:00-05:00,0.698948492854762,0.7013339802621364,0.6965630054473877,0.6965630054473877,380475,0.0,0.0,0.0
2023-02-09 00:00:00-05:00,0.6989484831023666,0.7013339704764563,0.6917920209800972,0.694177508354187,716658,0.0,0.0,0.0
2023-02-10 00:00:00-05:00,0.6941774887814447,0.6917920014746152,0.687021026860956,0.6894065141677856,608330,0.0,0.0,0.0
2023-02-13 00:00:00-05:00,0.6894065141677856,0.6889293939566182,0.687021026860956,0.6894065141677856,24900,0.0,0.0,0.0
2023-02-14 00:00:00-05:00,0.6894065141677856,0.6900935012974424,0.687021026860956,0.6894065141677856,328704,0.0,0.0,0.0
2023-02-15 00:00:00-05:00,0.6894065239204107,0.6917920112609863,0.6870210365798352,0.6917920112609863,174703,0.0,0.0,0.0
2023-02-16 00:00:00-05:00,0.6894065141677856,0.6965629760882743,0.687021026860956,0.6894065141677856,58614,0.0,0.0,0.0
2023-02-17 00:00:00-05:00,0.6894065141677856,0.6905992293839486,0.6870686876950195,0.6894065141677856,19844,0.0,0.0,0.0
2023-02-21 00:00:00-05:00,0.6894065141677856,0.6917920014746152,0.687021026860956,0.6894065141677856,56692,0.0,0.0,0.0
2023-02-22 00:00:00-05:00,0.6894065641590392,0.6917920516388487,0.6774790698854839,0.6870210766792297,400711,0.0,0.0,0.0
2023-02-23 00:00:00-05:00,0.6870211241050229,0.6917920993939874,0.6822500919415468,0.684635579586029,33888,0.0,0.0,0.0
2023-02-24 00:00:00-05:00,0.684635579586029,0.6870211241050229,0.6832043324989491,0.684635579586029,51731,0.0,0.0,0.0
2023-02-27 00:00:00-05:00,0.6846355102912207,0.6870210545687637,0.6791966012872763,0.6822500228881836,46782,0.0,0.0,0.0
2023-02-28 00:00:00-05:00,0.6822499835777334,0.6870210149834123,0.6727080345153809,0.6727080345153809,78820,0.0,0.0,0.0
2023-03-01 00:00:00-05:00,0.6798645160365788,0.6822500033713754,0.6774790287017822,0.6774790287017822,165273,0.0,0.0,0.0
2023-03-02 00:00:00-05:00,0.6798645257949829,0.6822500131640196,0.6784332788731651,0.6798645257949829,70714,0.0,0.0,0.0
2023-03-03 00:00:00-05:00,0.6798645257949829,0.6822500131640196,0.6774790384259464,0.6798645257949829,36835,0.0,0.0,0.0
2023-03-06 00:00:00-05:00,0.6798645354851465,0.6870210545687637,0.6727080732760351,0.6822500228881836,5222564,0.0,0.0,0.0
2023-03-07 00:00:00-05:00,0.684635579586029,0.6870211241050229,0.6822500919415468,0.684635579586029,218717,0.0,0.0,0.0
2023-03-08 00:00:00-05:00,0.684635579586029,0.7013340499719164,0.6822500919415468,0.684635579586029,40958,0.0,0.0,0.0
2023-03-09 00:00:00-05:00,0.6846355102912207,0.6870210545687637,0.6775744835030925,0.6822500228881836,241466,0.0,0.0,0.0
2023-03-10 00:00:00-05:00,0.6822500228881836,0.6841584469353168,0.6774790480821093,0.6822500228881836,18560,0.0,0.0,0.0
2023-03-13 00:00:00-04:00,0.6822500228881836,0.685971435561467,0.6727080732760351,0.6822500228881836,188374,0.0,0.0,0.0
2023-03-14 00:00:00-04:00,0.6822500228881836,0.6851126305216305,0.6774790480821093,0.6822500228881836,134466,0.0,0.0,0.0
2023-03-15 00:00:00-04:00,0.6822500228881836,0.6822500228881836,0.6679370984699609,0.6822500228881836,34200,0.0,0.0,0.0
2023-03-16 00:00:00-04:00,0.6858854521882248,0.6919930147448756,0.6840435393235663,0.6883090734481812,30190,0.01125,0.0,0.0
2023-03-17 00:00:00-04:00,0.6883090734481812,0.6931563159680938,0.6834715385879893,0.6883090734481812,36272,0.0,0.0,0.0
2023-03-20 00:00:00-04:00,0.6883090734481812,0.6931563159680938,0.6834618309282684,0.6883090734481812,28996,0.0,0.0,0.0
2023-03-21 00:00:00-04:00,0.6883090734481812,0.6854007626064468,0.6835587919580995,0.6883090734481812,71170,0.0,0.0,0.0
2023-03-22 00:00:00-04:00,0.6858854949217644,0.6883091163327225,0.6737673878669739,0.6737673878669739,135626,0.0,0.0,0.0
2023-03-23 00:00:00-04:00,0.6810382377539481,0.6757063054323715,0.6757063054323715,0.678614616394043,46079,0.0,0.0,0.0
2023-03-24 00:00:00-04:00,0.678614616394043,0.678614616394043,0.6737673736742327,0.678614616394043,2101382,0.0,0.0,0.0
2023-03-27 00:00:00-04:00,0.678614616394043,0.6834618591138533,0.6689201309544224,0.678614616394043,1411011,0.0,0.0,0.0
2023-03-28 00:00:00-04:00,0.6786145847224294,0.683461827216014,0.6640728572416753,0.66892009973526,26725,0.0,0.0,0.0
2023-03-29 00:00:00-04:00,0.6689200675978879,0.6640728253371825,0.6401274393239081,0.659225583076477,392155,0.0,0.0,0.0
2023-03-30 00:00:00-04:00,0.6568019757306259,0.6616492180930619,0.649531112186972,0.654378354549408,287575,0.0,0.0,0.0
2023-03-31 00:00:00-04:00,0.6543783482794973,0.6772573366336754,0.6398366213315206,0.634989321231842,274152,0.0,0.0,0.0
2023-04-01 00:00:00-04:00,0.6325657527721541,0.6824924221266294,0.596211432373577,0.678614616394043,60051359,0.0,0.0,0.0
2023-04-03 00:00:00-04:00,0.6325657422485592,0.6446839066301739,0.5962114224547859,0.6204476356506348,337251,0.0,0.0,0.0
2023-04-04 00:00:00-04:00,0.6204476498738543,0.6204476498738543,0.6107531643732771,0.6156004071235657,176681,0.0,0.0,0.0
2023-04-05 00:00:00-04:00,0.6156003754668291,0.6107531329658059,0.6010586479637595,0.6059058904647827,98044,0.0,0.0,0.0
2023-04-06 00:00:00-04:00,0.6107531329658059,0.6025128322708042,0.6010586479637595,0.6059058904647827,373000,0.0,0.0,0.0
2023-04-10 00:00:00-04:00,0.6059058904647827,0.6059058904647827,0.6059058904647827,0.6059058904647827,0,0.0,0.0,0.0
2023-04-11 00:00:00-04:00,0.6034822832445718,0.6034822832445718,0.5962114193239973,0.6010586619377136,628250,0.0,0.0,0.0
2023-04-12 00:00:00-04:00,0.6010586619377136,0.6059059045514299,0.5962114193239973,0.6010586619377136,3317342,0.0,0.0,0.0
2023-04-13 00:00:00-04:00,0.6034822554066734,0.6107531189918518,0.6010586342116141,0.6107531189918518,6667786,0.0,0.0,0.0
2023-04-14 00:00:00-04:00,0.6083295429981328,0.6252948926241428,0.6083295429981328,0.6156004071235657,6536864,0.0,0.0,0.0
2023-04-17 00:00:00-04:00,0.6204476498738543,0.6252948926241428,0.6156004071235657,0.6156004071235657,436503,0.0,0.0,0.0
2023-04-18 00:00:00-04:00,0.6204476498738543,0.6252948926241428,0.6156004071235657,0.6156004071235657,945442,0.0,0.0,0.0
2023-04-19 00:00:00-04:00,0.6204476498738543,0.6204476498738543,0.6107531643732771,0.6156004071235657,254630,0.0,0.0,0.0
2023-04-20 00:00:00-04:00,0.6156003613819707,0.6252948461622084,0.6107531189918518,0.6107531189918518,62851,0.0,0.0,0.0
2023-04-21 00:00:00-04:00,0.6131767857484214,0.6252948926241428,0.6083295429981328,0.6156004071235657,4903750,0.0,0.0,0.0
2023-04-24 00:00:00-04:00,0.6131767857484214,0.6156004071235657,0.6107531643732771,0.6156004071235657,5364585,0.0,0.0,0.0
2023-04-25 00:00:00-04:00,0.6156003758504577,0.6398366461543658,0.6180239971024797,0.6374130249023438,591829,0.0,0.0,0.0
2023-04-26 00:00:00-04:00,0.6374130369327762,0.6786145989947807,0.6514700173463371,0.6640728712081909,3386181,0.0,0.0,0.0
2023-04-27 00:00:00-04:00,0.6640728572416753,0.6786145847224294,0.6677083180037081,0.66892009973526,2066302,0.0,0.0,0.0
2023-04-28 00:00:00-04:00,0.6737673736742327,0.6824924221266294,0.6640728882346121,0.678614616394043,23904068,0.0,0.0,0.0
2023-05-01 00:00:00-04:00,0.678614574709068,0.7745901017899836,0.6737673322870074,0.7561705112457275,35087712,0.0,0.0,0.0
2023-05-02 00:00:00-04:00,0.6810381642182547,0.6883090275128924,0.6737673009236171,0.6834617853164673,226977,0.0,0.0,0.0
2023-05-03 00:00:00-04:00,0.6834617853164673,0.6883090275128924,0.6786145431200422,0.6834617853164673,333048,0.0,0.0,0.0
2023-05-04 00:00:00-04:00,0.6834618309282684,0.6883478463033759,0.6834618309282684,0.6883090734481812,345252,0.0,0.0,0.0
2023-05-05 00:00:00-04:00,0.6858854711658815,0.702850878238678,0.6834618498388664,0.702850878238678,104295,0.0,0.0,0.0
2023-05-08 00:00:00-04:00,0.702850878238678,0.702850878238678,0.702850878238678,0.702850878238678,0,0.0,0.0,0.0
2023-05-09 00:00:00-04:00,0.6955799564739421,0.7270870915088294,0.693156335146927,0.702850878238678,2985925,0.0,0.0,0.0
2023-05-10 00:00:00-04:00,0.7076980928309892,0.7270870626782969,0.7076980928309892,0.7125453352928162,2590412,0.0,0.0,0.0
2023-05-11 00:00:00-04:00,0.7198162306141921,0.7258752550658645,0.7173926092767849,0.7222398519515991,1243855,0.0,0.0,0.0
2023-05-12 00:00:00-04:00,0.7222398519515991,0.7222398519515991,0.7173926092767849,0.7222398519515991,393343,0.0,0.0,0.0
2023-05-15 00:00:00-04:00,0.7222398519515991,0.7270870946264133,0.7173926092767849,0.7222398519515991,4404686,0.0,0.0,0.0
2023-05-16 00:00:00-04:00,0.7222398151987358,0.7270870576268867,0.7188467570557677,0.7246634364128113,273564,0.0,0.0,0.0
2023-05-17 00:00:00-04:00,0.7246634591884202,0.7270870804786682,0.7222398378981723,0.7270870804786682,7800796,0.0,0.0,0.0
2023-05-18 00:00:00-04:00,0.7295106788409622,0.7270870576268867,0.7222398151987358,0.7246634364128113,2197394,0.0,0.0,0.0
2023-05-19 00:00:00-04:00,0.7246634591884202,0.7367815656396601,0.7222398378981723,0.7270870804786682,3798614,0.0,0.0,0.0
2023-05-22 00:00:00-04:00,0.7270870804786682,0.7319343230591642,0.7224337021765687,0.7270870804786682,4902779,0.0,0.0,0.0
2023-05-23 00:00:00-04:00,0.7295106877620238,0.7343579302494508,0.7270870665183103,0.7319343090057373,1196861,0.0,0.0,0.0
2023-05-24 00:00:00-04:00,0.7319343230591642,0.7319343230591642,0.7270870804786682,0.7270870804786682,348584,0.0,0.0,0.0
2023-05-25 00:00:00-04:00,0.7319343090057373,0.7367815514931643,0.7270870665183103,0.7319343090057373,1179734,0.0,0.0,0.0
2023-05-26 00:00:00-04:00,0.7319343126718354,0.7610178255257587,0.7367815551835412,0.7513232827186584,453091,0.0,0.0,0.0
2023-05-30 00:00:00-04:00,0.7488996614628055,0.7745901161152725,0.7513232827186584,0.7513232827186584,189410,0.0,0.0,0.0
2023-05-31 00:00:00-04:00,0.7513232688236668,0.761017811451476,0.7513232688236668,0.7561705112457275,119092,0.0,0.0,0.0
2023-06-01 00:00:00-04:00,0.7561705584735918,0.7615995096182814,0.7561705584735918,0.7610178589820862,39970,0.0,0.0,0.0
2023-06-02 00:00:00-04:00,0.7610178221980433,0.7707123071790636,0.7573823614383165,0.7634414434432983,140711,0.0,0.0,0.0
2023-06-05 00:00:00-04:00,0.7658650646885534,0.7584002788943023,0.7582064146195048,0.7634414434432983,9315,0.0,0.0,0.0
2023-06-06 00:00:00-04:00,0.7658651017068894,0.7707123444316926,0.7561705584735918,0.7610178589820862,124778,0.0,0.0,0.0
2023-06-07 00:00:00-04:00,0.7610178589820862,0.7658651017068894,0.7561705584735918,0.7610178589820862,215223,0.0,0.0,0.0
2023-06-08 00:00:00-04:00,0.761017811451476,0.7658650538735368,0.7561705112457275,0.7561705112457275,116189,0.0,0.0,0.0
2023-06-09 00:00:00-04:00,0.7610177883761833,0.7569169957555053,0.7416287614921594,0.7537468671798706,193305,0.0,0.0,0.0
2023-06-12 00:00:00-04:00,0.7537468671798706,0.7571496328749232,0.7513232460423284,0.7537468671798706,304347,0.0,0.0,0.0
2023-06-13 00:00:00-04:00,0.7537468671798706,0.7519049544082449,0.7464760037672439,0.7537468671798706,55277,0.0,0.0,0.0
2023-06-14 00:00:00-04:00,0.7537469180953619,0.7561705393966194,0.7464760541915894,0.7464760541915894,170534,0.0,0.0,0.0
2023-06-15 00:00:00-04:00,0.7513232738070498,0.7522927685248425,0.7464760313528382,0.7440524101257324,93093,0.0,0.0,0.0
2023-06-16 00:00:00-04:00,0.7440524101257324,0.7513232738070498,0.7270870615359919,0.7440524101257324,84533,0.0,0.0,0.0
2023-06-20 00:00:00-04:00,0.7440524101257324,0.7498691472977367,0.7367815464444151,0.7440524101257324,201242,0.0,0.0,0.0
2023-06-21 00:00:00-04:00,0.7440524101257324,0.7440524101257324,0.7367815464444151,0.7440524101257324,755655,0.0,0.0,0.0
2023-06-22 00:00:00-04:00,0.7526612880942777,0.7575806383189503,0.7266084243170913,0.7329838871955872,5678689,0.01125,0.0,0.0
2023-06-23 00:00:00-04:00,0.7403629124549127,0.7403629124549127,0.7280645368945216,0.7379032373428345,749841,0.0,0.0,0.0
2023-06-26 00:00:00-04:00,0.7403629124549127,0.7526612880153039,0.7310161118430472,0.7379032373428345,1335667,0.0,0.0,0.0
2023-06-27 00:00:00-04:00,0.7403629124549127,0.741150022565165,0.7280645368945216,0.7379032373428345,750121,0.0,0.0,0.0
2023-06-28 00:00:00-04:00,0.7403629124549127,0.7284580919496477,0.7280645368945216,0.7379032373428345,42800,0.0,0.0,0.0
2023-06-29 00:00:00-04:00,0.7403629126113292,0.7379032374987313,0.7280645370483398,0.7280645370483398,617433,0.0,0.0,0.0
2023-06-30 00:00:00-04:00,0.7329838871955872,0.7379032374202598,0.7280645369709146,0.7329838871955872,247470,0.0,0.0,0.0
2023-07-01 00:00:00-04:00,0.7329838875961556,0.7379032378235166,0.7083871364593506,0.7083871364593506,12117492,0.0,0.0,0.0
2023-07-03 00:00:00-04:00,0.7329838871955872,0.7329445375543985,0.7280645369709146,0.7329838871955872,436536,0.0,0.0,0.0
2023-07-05 00:00:00-04:00,0.7329838872735356,0.7182258365979483,0.7182258365979483,0.7280645370483398,37975,0.0,0.0,0.0
2023-07-06 00:00:00-04:00,0.7280645371268186,0.7280645371268186,0.7182258366753665,0.7231451869010925,4295365,0.0,0.0,0.0
2023-07-07 00:00:00-04:00,0.7280645370483398,0.7379032374987313,0.7182258365979483,0.7280645370483398,45961,0.0,0.0,0.0
2023-07-10 00:00:00-04:00,0.7280645372063723,0.7379032376588994,0.7182258367538452,0.7182258367538452,2657809,0.0,0.0,0.0
2023-07-11 00:00:00-04:00,0.7280645370483398,0.7379032374987313,0.7182258365979483,0.7280645370483398,10137,0.0,0.0,0.0
2023-07-12 00:00:00-04:00,0.7280645370483398,0.7354435623861335,0.7182258365979483,0.7280645370483398,69819,0.0,0.0,0.0
2023-07-13 00:00:00-04:00,0.7280645370483398,0.7379032374987313,0.7182258365979483,0.7280645370483398,131191,0.0,0.0,0.0
2023-07-14 00:00:00-04:00,0.7280645372063723,0.729048395522969,0.7133064865275817,0.7182258367538452,1799678,0.0,0.0,0.0
2023-07-17 00:00:00-04:00,0.7256048620139556,0.7329838873525446,0.7182258366753665,0.7231451869010925,1082871,0.0,0.0,0.0
2023-07-18 00:00:00-04:00,0.7256048321723938,0.7248669238045544,0.7182258071372779,0.7256048321723938,16276,0.0,0.0,0.0
2023-07-19 00:00:00-04:00,0.7256048321723938,0.7329838572075096,0.7182258071372779,0.7256048321723938,33430,0.0,0.0,0.0
2023-07-20 00:00:00-04:00,0.7256048620139556,0.7280645371268186,0.7133064864496405,0.7231451869010925,150770,0.0,0.0,0.0
2023-07-21 00:00:00-04:00,0.7231451569104617,0.7231451569104617,0.7083871068453367,0.7157661318778992,78501,0.0,0.0,0.0
2023-07-24 00:00:00-04:00,0.7157661318778992,0.7229975517796337,0.7098628649372267,0.7157661318778992,350457,0.0,0.0,0.0
2023-07-25 00:00:00-04:00,0.7157661318778992,0.713306456867045,0.7098825690786483,0.7157661318778992,177325,0.0,0.0,0.0
2023-07-26 00:00:00-04:00,0.7157661617200021,0.7182258368334064,0.7083871363797893,0.7133064866065979,211022,0.0,0.0,0.0
2023-07-27 00:00:00-04:00,0.7133064866867116,0.7147822448402955,0.7083871364593506,0.7083871364593506,164783,0.0,0.0,0.0
2023-07-28 00:00:00-04:00,0.7133064567410716,0.7157661317514914,0.7084854514974886,0.7108467817306519,46581,0.0,0.0,0.0
2023-07-31 00:00:00-04:00,0.7108468115730311,0.7133064866867116,0.708436279528403,0.7083871364593506,28607,0.0,0.0,0.0
2023-08-01 00:00:00-04:00,0.7083871360383152,0.7083871360383152,0.6739516258239746,0.6739516258239746,4051214,0.0,0.0,0.0
2023-08-02 00:00:00-04:00,0.7034677267074585,0.7083871355719373,0.69854837648626,0.7034677267074585,135795,0.0,0.0,0.0
2023-08-03 00:00:00-04:00,0.7034677267819304,0.6985483765602112,0.6887096761167728,0.6985483765602112,111794,0.0,0.0,0.0
2023-08-04 00:00:00-04:00,0.6960887015240875,0.6960887015240875,0.6887096761907165,0.6936290264129639,119234,0.0,0.0,0.0
2023-08-07 00:00:00-04:00,0.6936290264884997,0.6960887015998912,0.6887096762657166,0.6887096762657166,374965,0.0,0.0,0.0
2023-08-08 00:00:00-04:00,0.6936290264129639,0.6960887015240875,0.6887096761907165,0.6936290264129639,331965,0.0,0.0,0.0
2023-08-09 00:00:00-04:00,0.693629026338492,0.6985483765602112,0.6887096761167728,0.6985483765602112,53965,0.0,0.0,0.0
2023-08-10 00:00:00-04:00,0.6936290264129639,0.6985483766352112,0.6887096761907165,0.6936290264129639,244743,0.0,0.0,0.0
2023-08-11 00:00:00-04:00,0.6936290264129639,0.6936290264129639,0.68880807961528,0.6936290264129639,55518,0.0,0.0,0.0
2023-08-14 00:00:00-04:00,0.6985483767112828,0.6985483767112828,0.6887096762657166,0.6887096762657166,771403,0.0,0.0,0.0
2023-08-15 00:00:00-04:00,0.6985483767112828,0.6985483767112828,0.6887096762657166,0.6887096762657166,234815,0.0,0.0,0.0
2023-08-16 00:00:00-04:00,0.6985483767112828,0.6896935345816171,0.6887096762657166,0.6887096762657166,133090,0.0,0.0,0.0
2023-08-17 00:00:00-04:00,0.6985483766352112,0.6899887447802003,0.6887096761907165,0.6936290264129639,77136,0.0,0.0,0.0
2023-08-18 00:00:00-04:00,0.6936290264129639,0.6892016346702534,0.6892016346702534,0.6936290264129639,10300,0.0,0.0,0.0
2023-08-21 00:00:00-04:00,0.6936290264129639,0.6936290264129639,0.6887096761907165,0.6936290264129639,271900,0.0,0.0,0.0
2023-08-22 00:00:00-04:00,0.6936290264129639,0.6892016346702534,0.6887096761907165,0.6936290264129639,75655,0.0,0.0,0.0
2023-08-23 00:00:00-04:00,0.6936290264884997,0.6887096762657166,0.6887096762657166,0.6887096762657166,53525,0.0,0.0,0.0
2023-08-24 00:00:00-04:00,0.6936290264129639,0.6985483766352112,0.6887096761907165,0.6936290264129639,140533,0.0,0.0,0.0
2023-08-25 00:00:00-04:00,0.6936290264129639,0.6985483766352112,0.6887096761907165,0.6936290264129639,57086,0.0,0.0,0.0
2023-08-28 00:00:00-04:00,0.6936290264129639,0.6936290264129639,0.6936290264129639,0.6936290264129639,0,0.0,0.0,0.0
2023-08-29 00:00:00-04:00,0.6936290264884997,0.6985483767112828,0.6867419596339155,0.6887096762657166,376344,0.0,0.0,0.0
2023-08-30 00:00:00-04:00,0.6887097062127605,0.6887097062127605,0.6788710053393798,0.6862500309944153,141850,0.0,0.0,0.0
2023-08-31 00:00:00-04:00,0.6862500013850675,0.6890540298401311,0.6739516258239746,0.6739516258239746,99669,0.0,0.0,0.0
2023-09-01 00:00:00-04:00,0.6837903260931703,1.1314516069022826,0.6690322754237367,1.1216129064559937,196943620,0.01125,0.0,0.0
2023-09-01 09:30:00-04:00,0.6837903261184692,0.6936290265651223,0.6803467926907968,0.6837903261184692,79469,0.0,0.0,0.0
2023-09-05 00:00:00-04:00,0.6862500309944153,0.6936290566494508,0.6788710053393798,0.6862500309944153,151777,0.0,0.0,0.0
2023-09-05 09:30:00-04:00,0.6862500309944153,0.6936290566494508,0.6788710053393798,0.6862500309944153,151777,0.0,0.0,0.0
2023-09-06 00:00:00-04:00,0.6862500309944153,0.6936290566494508,0.6788710053393798,0.6862500309944153,107216,0.0,0.0,0.0
2023-09-06 09:30:00-04:00,0.6862500309944153,0.6936290566494508,0.6788710053393798,0.6862500309944153,107216,0.0,0.0,0.0
2023-09-07 00:00:00-04:00,0.6949999928474426,0.6875,0.6800000071525574,0.6875,87761,0.01125,0.0,0.0
2023-09-07 09:30:00-04:00,0.6949999928474426,0.6875,0.6800000071525574,0.6875,87761,0.01125,0.0,0.0
2023-09-08 00:00:00-04:00,1.1100000143051147,1.149999976158142,1.0947999954223633,1.1299999952316284,90406767,0.0,0.0,0.0
2023-09-08 09:30:00-04:00,1.1100000143051147,1.149999976158142,1.0947999954223633,1.1299999952316284,90406767,0.0,0.0,0.0
2023-09-11 00:00:00-04:00,1.1299999952316284,1.1399999856948853,1.1100000143051147,1.1299999952316284,8043537,0.0,0.0,0.0
2023-09-11 09:30:00-04:00,1.1299999952316284,1.1399999856948853,1.1100000143051147,1.1299999952316284,8043537,0.0,0.0,0.0
2023-09-12 00:00:00-04:00,1.1299999952316284,1.149999976158142,1.1100000143051147,1.1399999856948853,15043007,0.0,0.0,0.0
2023-09-12 09:30:00-04:00,1.1299999952316284,1.149999976158142,1.1100000143051147,1.1399999856948853,15043007,0.0,0.0,0.0
2023-09-13 00:00:00-04:00,1.1399999856948853,1.149999976158142,1.1299999952316284,1.1299999952316284,1563939,0.0,0.0,0.0
2023-09-13 09:30:00-04:00,1.1399999856948853,1.149999976158142,1.1299999952316284,1.1299999952316284,1563939,0.0,0.0,0.0
2023-09-14 00:00:00-04:00,1.1399999856948853,1.1399999856948853,1.1269999742507935,1.1399999856948853,14056606,0.0,0.0,0.0
2023-09-14 09:30:00-04:00,1.1399999856948853,1.1399999856948853,1.1269999742507935,1.1399999856948853,14056606,0.0,0.0,0.0
2023-09-15 00:00:00-04:00,1.1399999856948853,1.1399999856948853,1.1299999952316284,1.1399999856948853,2614918,0.0,0.0,0.0
2023-09-15 09:30:00-04:00,1.1399999856948853,1.1399999856948853,1.1299999952316284,1.1399999856948853,2614918,0.0,0.0,0.0
2023-09-18 00:00:00-04:00,1.1399999856948853,1.1419999599456787,1.1299999952316284,1.1299999952316284,6553169,0.0,0.0,0.0
2023-09-18 09:30:00-04:00,1.1399999856948853,1.1419999599456787,1.1299999952316284,1.1299999952316284,6553169,0.0,0.0,0.0
2023-09-19 00:00:00-04:00,1.1399999856948853,1.149999976158142,1.1299999952316284,1.1399999856948853,6988897,0.0,0.0,0.0
2023-09-19 09:30:00-04:00,1.1399999856948853,1.149999976158142,1.1299999952316284,1.1399999856948853,6988897,0.0,0.0,0.0
2023-09-20 00:00:00-04:00,1.1399999856948853,1.149999976158142,1.132599949836731,1.1399999856948853,2334104,0.0,0.0,0.0
2023-09-20 09:30:00-04:00,1.1399999856948853,1.149999976158142,1.132599949836731,1.1399999856948853,2334104,0.0,0.0,0.0
2023-09-21 00:00:00-04:00,1.1399999856948853,1.1399999856948853,1.1349999904632568,1.1399999856948853,3433833,0.0,0.0,0.0
2023-09-21 09:30:00-04:00,1.1399999856948853,1.1399999856948853,1.1349999904632568,1.1399999856948853,3433833,0.0,0.0,0.0
2023-09-22 00:00:00-04:00,1.1399999856948853,1.149999976158142,1.1299999952316284,1.1399999856948853,16630478,0.0,0.0,0.0
2023-09-22 09:30:00-04:00,1.1399999856948853,1.149999976158142,1.1299999952316284,1.1399999856948853,16630478,0.0,0.0,0.0
2023-09-25 00:00:00-04:00,1.1399999856948853,1.149999976158142,1.1299999952316284,1.1399999856948853,6646007,0.0,0.0,0.0
2023-09-25 09:30:00-04:00,1.1399999856948853,1.149999976158142,1.1299999952316284,1.1399999856948853,6646007,0.0,0.0,0.0
2023-09-26 00:00:00-04:00,1.1399999856948853,1.1425000429153442,1.1399999856948853,1.1399999856948853,20169105,0.0,0.0,0.0
2023-09-26 09:30:00-04:00,1.1399999856948853,1.1425000429153442,1.1399999856948853,1.1399999856948853,20169105,0.0,0.0,0.0
2023-09-27 00:00:00-04:00,1.1399999856948853,1.149999976158142,1.1299999952316284,1.1399999856948853,381659,0.0,0.0,0.0
2023-09-27 09:30:00-04:00,1.1399999856948853,1.149999976158142,1.1299999952316284,1.1399999856948853,381659,0.0,0.0,0.0
2023-09-28 00:00:00-04:00,1.1399999856948853,1.1449999809265137,1.1399999856948853,1.1399999856948853,1382995,0.0,0.0,0.0
2023-09-28 09:30:00-04:00,1.1399999856948853,1.1449999809265137,1.1399999856948853,1.1399999856948853,1382995,0.0,0.0,0.0
2023-09-29 00:00:00-04:00,1.1399999856948853,1.1419999599456787,1.1399999856948853,1.1399999856948853,188524,0.0,0.0,0.0
2023-09-29 09:30:00-04:00,1.1399999856948853,1.1419999599456787,1.1399999856948853,1.1399999856948853,188524,0.0,0.0,0.0
2023-10-01 00:00:00-04:00,1.1399999856948853,1.149999976158142,1.1100000143051147,1.1449999809265137,98830045,0.0,0.0,0.0
2023-10-02 00:00:00-04:00,1.1399999856948853,1.1425000429153442,1.1419999599456787,1.1399999856948853,11931776,0.0,0.0,0.0
2023-10-02 09:30:00-04:00,1.1399999856948853,1.1425000429153442,1.1419999599456787,1.1399999856948853,11931776,0.0,0.0,0.0
2023-10-03 00:00:00-04:00,1.1399999856948853,1.149999976158142,1.1299999952316284,1.1399999856948853,175090,0.0,0.0,0.0
2023-10-03 09:30:00-04:00,1.1399999856948853,1.149999976158142,1.1299999952316284,1.1399999856948853,175090,0.0,0.0,0.0
2023-10-04 00:00:00-04:00,1.1399999856948853,1.1426000595092773,1.1399999856948853,1.1419999599456787,245152,0.0,0.0,0.0
2023-10-04 09:30:00-04:00,1.1399999856948853,1.1426000595092773,1.1399999856948853,1.1419999599456787,245152,0.0,0.0,0.0
2023-10-05 00:00:00-04:00,1.1399999856948853,1.146299958229065,1.1399999856948853,1.1449999809265137,2532960,0.0,0.0,0.0
2023-10-05 09:30:00-04:00,1.1399999856948853,1.146299958229065,1.1399999856948853,1.1449999809265137,2532960,0.0,0.0,0.0
2023-10-06 00:00:00-04:00,1.1449999809265137,1.1434999704360962,1.1399999856948853,1.1449999809265137,475168,0.0,0.0,0.0
2023-10-06 09:30:00-04:00,1.1449999809265137,1.1434999704360962,1.1399999856948853,1.1449999809265137,475168,0.0,0.0,0.0
2023-10-09 00:00:00-04:00,1.1449999809265137,1.149999976158142,1.1399999856948853,1.1399999856948853,157085,0.0,0.0,0.0
2023-10-09 09:30:00-04:00,1.1449999809265137,1.149999976158142,1.1399999856948853,1.1399999856948853,157085,0.0,0.0,0.0
2023-10-10 00:00:00-04:00,1.1449999809265137,1.149999976158142,1.1399999856948853,1.1449999809265137,6752410,0.0,0.0,0.0
2023-10-10 09:30:00-04:00,1.1449999809265137,1.149999976158142,1.1399999856948853,1.1449999809265137,6752410,0.0,0.0,0.0
2023-10-11 00:00:00-04:00,1.1449999809265137,1.1449999809265137,1.1399999856948853,1.1449999809265137,52930557,0.0,0.0,0.0
2023-10-11 09:30:00-04:00,1.1449999809265137,1.1449999809265137,1.1399999856948853,1.1449999809265137,52930557,0.0,0.0,0.0
2023-10-12 00:00:00-04:00,1.1449999809265137,1.1455700397491455,1.1418100595474243,1.1449999809265137,5484981,0.0,0.0,0.0
2023-10-12 09:30:00-04:00,1.1449999809265137,1.1455700397491455,1.1418100595474243,1.1449999809265137,5484981,0.0,0.0,0.0
2023-10-13 00:00:00-04:00,1.1449999809265137,1.149999976158142,1.1399999856948853,1.149999976158142,8282585,0.0,0.0,0.0
2023-10-13 09:30:00-04:00,1.1449999809265137,1.149999976158142,1.1399999856948853,1.149999976158142,8282585,0.0,0.0,0.0
2023-10-16 00:00:00-04:00,1.1449999809265137,1.1419999599456787,1.1399999856948853,1.1449999809265137,1338381,0.0,0.0,0.0
2023-10-16 09:30:00-04:00,1.1449999809265137,1.1419999599456787,1.1399999856948853,1.1449999809265137,1338381,0.0,0.0,0.0
2023-10-17 00:00:00-04:00,1.1449999809265137,1.149999976158142,1.1420999765396118,1.149999976158142,571074,0.0,0.0,0.0
2023-10-17 09:30:00-04:00,1.1449999809265137,1.149999976158142,1.1420999765396118,1.149999976158142,571074,0.0,0.0,0.0
2023-10-18 00:00:00-04:00,1.1449999809265137,1.149999976158142,1.1399999856948853,1.149999976158142,5356921,0.0,0.0,0.0
2023-10-18 09:30:00-04:00,1.1449999809265137,1.149999976158142,1.1399999856948853,1.149999976158142,5356921,0.0,0.0,0.0
2023-10-19 00:00:00-04:00,1.1449999809265137,1.149999976158142,1.1399999856948853,1.149999976158142,150267,0.0,0.0,0.0
2023-10-19 09:30:00-04:00,1.1449999809265137,1.149999976158142,1.1399999856948853,1.149999976158142,150267,0.0,0.0,0.0
2023-10-20 00:00:00-04:00,1.1449999809265137,1.1430699825286865,1.1399999856948853,1.1399999856948853,339632,0.0,0.0,0.0
2023-10-20 09:30:00-04:00,1.1449999809265137,1.1430699825286865,1.1399999856948853,1.1399999856948853,339632,0.0,0.0,0.0
2023-10-23 00:00:00-04:00,1.1449999809265137,1.149999976158142,1.1399999856948853,1.149999976158142,62824,0.0,0.0,0.0
2023-10-23 09:30:00-04:00,1.1449999809265137,1.149999976158142,1.1399999856948853,1.149999976158142,62824,0.0,0.0,0.0
2023-10-24 00:00:00-04:00,1.1449999809265137,1.1449999809265137,1.1399999856948853,1.1449999809265137,24781,0.0,0.0,0.0
2023-10-24 09:30:00-04:00,1.1449999809265137,1.1449999809265137,1.1399999856948853,1.1449999809265137,24781,0.0,0.0,0.0
2023-10-25 00:00:00-04:00,1.1449999809265137,1.149999976158142,1.1399999856948853,1.1399999856948853,7281,0.0,0.0,0.0
2023-10-25 09:30:00-04:00,1.1449999809265137,1.149999976158142,1.1399999856948853,1.1399999856948853,7281,0.0,0.0,0.0
2023-10-26 00:00:00-04:00,1.1449999809265137,1.1449999809265137,1.1100000143051147,1.1399999856948853,891878,0.0,0.0,0.0
2023-10-26 09:30:00-04:00,1.1449999809265137,1.1449999809265137,1.1100000143051147,1.1399999856948853,891878,0.0,0.0,0.0
2023-10-27 00:00:00-04:00,1.1449999809265137,1.1453399658203125,1.1399999856948853,1.1399999856948853,748448,0.0,0.0,0.0
2023-10-27 09:30:00-04:00,1.1449999809265137,1.1453399658203125,1.1399999856948853,1.1399999856948853,748448,0.0,0.0,0.0
2023-10-30 00:00:00-04:00,1.1449999809265137,1.1449999809265137,1.1399999856948853,1.1449999809265137,370794,0.0,0.0,0.0
2023-10-30 09:30:00-04:00,1.1449999809265137,1.1449999809265137,1.1399999856948853,1.1449999809265137,370794,0.0,0.0,0.0
2023-10-31 00:00:00-04:00,1.1449999809265137,1.1449999809265137,1.1449999809265137,1.1449999809265137,0,0.0,0.0,0.0
2023-10-31 09:30:00-04:00,1.1449999809265137,1.1449999809265137,1.1449999809265137,1.1449999809265137,0,0.0,0.0,0.0
2023-11-01 00:00:00-04:00,1.1449999809265137,1.1449999809265137,1.1449999809265137,1.1449999809265137,0,0.0,0.0,0.0
2023-11-01 09:30:00-04:00,1.1449999809265137,1.1449999809265137,1.1449999809265137,1.1449999809265137,0,0.0,0.0,0.0
2023-11-02 00:00:00-04:00,1.1449999809265137,1.1449999809265137,1.1449999809265137,1.1449999809265137,0,0.0,0.0,0.0
2023-11-02 09:30:00-04:00,1.1449999809265137,1.1449999809265137,1.1449999809265137,1.1449999809265137,0,0.0,0.0,0.0
